actual_cycle,stress,F,D,Cr,wear_depth,elastic_modulus_GPa,coating_name
0,25.537771224975586,3500.0,10.0,0.05,0.0,210.0,DLC
1000,25.449758529663086,3500.0,10.0,0.05,2.4603644170628302e-05,210.0,DLC
2000,25.362533569335938,3500.0,10.0,0.05,4.912249499657158e-05,210.0,DLC
3000,25.281429290771484,3500.0,10.0,0.05,7.355731139884567e-05,210.0,DLC
4000,25.20098304748535,3500.0,10.0,0.05,9.791399017536784e-05,210.0,DLC
5000,25.127168655395508,3500.0,10.0,0.05,0.0001221931652916356,210.0,DLC
6000,25.056438446044922,3500.0,10.0,0.05,0.00014640122601731494,210.0,DLC
7000,24.98567008972168,3500.0,10.0,0.05,0.00017054114372112893,210.0,DLC
8000,24.914640426635742,3500.0,10.0,0.05,0.00019461288165145455,210.0,DLC
9000,24.843347549438477,3500.0,10.0,0.05,0.0002186161880596739,210.0,DLC
10000,24.771799087524414,3500.0,10.0,0.05,0.00024255080935958804,210.0,DLC
11000,24.699989318847656,3500.0,10.0,0.05,0.00026641649931532255,210.0,DLC
12000,24.627927780151367,3500.0,10.0,0.05,0.00029021300617825956,210.0,DLC
13000,24.555606842041016,3500.0,10.0,0.05,0.00031394008738768706,210.0,DLC
14000,24.483034133911133,3500.0,10.0,0.05,0.0003375974930325683,210.0,DLC
15000,24.41021156311035,3500.0,10.0,0.05,0.0003611849805521912,210.0,DLC
16000,24.337142944335938,3500.0,10.0,0.05,0.00038470230922342486,210.0,DLC
17000,24.263830184936523,3500.0,10.0,0.05,0.0004081492419983006,210.0,DLC
18000,24.190269470214844,3500.0,10.0,0.05,0.000431525543666431,210.0,DLC
19000,24.11646842956543,3500.0,10.0,0.05,0.0004548309753422662,210.0,DLC
20000,24.04242706298828,3500.0,10.0,0.05,0.0004780653054905811,210.0,DLC
21000,23.968151092529297,3500.0,10.0,0.05,0.0005012283025761505,210.0,DLC
22000,23.893634796142578,3500.0,10.0,0.05,0.0005243197405764927,210.0,DLC
23000,23.81888198852539,3500.0,10.0,0.05,0.0005473393879563825,210.0,DLC
24000,23.741764068603516,3500.0,10.0,0.05,0.0005702870168557571,210.0,DLC
25000,23.64791488647461,3500.0,10.0,0.05,0.0005931603486739877,210.0,DLC
26000,23.55388641357422,3500.0,10.0,0.05,0.0006159432641492077,210.0,DLC
27000,23.45966911315918,3500.0,10.0,0.05,0.0006386355905487888,210.0,DLC
28000,23.365276336669922,3500.0,10.0,0.05,0.000661237145952197,210.0,DLC
29000,23.270706176757812,3500.0,10.0,0.05,0.0006837477613019662,210.0,DLC
30000,23.17597007751465,3500.0,10.0,0.05,0.0007061672657030492,210.0,DLC
31000,23.081071853637695,3500.0,10.0,0.05,0.0007284954992858859,210.0,DLC
32000,22.986007690429688,3500.0,10.0,0.05,0.0007507323058560783,210.0,DLC
33000,22.890779495239258,3500.0,10.0,0.05,0.0007728775255440661,210.0,DLC
34000,22.795406341552734,3500.0,10.0,0.05,0.0007949310003178703,210.0,DLC
35000,22.69987678527832,3500.0,10.0,0.05,0.0008168925905213233,210.0,DLC
36000,22.604204177856445,3500.0,10.0,0.05,0.0008387621454727706,210.0,DLC
37000,22.508398056030273,3500.0,10.0,0.05,0.0008605395273536258,210.0,DLC
38000,22.412446975708008,3500.0,10.0,0.05,0.0008822246075332083,210.0,DLC
39000,22.316370010375977,3500.0,10.0,0.05,0.0009038172463553505,210.0,DLC
40000,22.220165252685547,3500.0,10.0,0.05,0.0009253173225396964,210.0,DLC
41000,22.123842239379883,3500.0,10.0,0.05,0.0009467247129683088,210.0,DLC
42000,22.02739906311035,3500.0,10.0,0.05,0.0009680393037111561,210.0,DLC
43000,21.93084144592285,3500.0,10.0,0.05,0.000989260979000626,210.0,DLC
44000,21.83416748046875,3500.0,10.0,0.05,0.0010103896285818493,210.0,DLC
45000,21.75718116760254,3500.0,10.0,0.05,0.0010314251403623755,210.0,DLC
46000,21.682432174682617,3500.0,10.0,0.05,0.0010523864818548572,210.0,DLC
47000,21.60755729675293,3500.0,10.0,0.05,0.001073275808541986,210.0,DLC
48000,21.53438949584961,3500.0,10.0,0.05,0.0010940929991434059,210.0,DLC
49000,21.461341857910156,3500.0,10.0,0.05,0.001114839698294248,210.0,DLC
50000,21.388315200805664,3500.0,10.0,0.05,0.001135516021762125,210.0,DLC
51000,21.315162658691406,3500.0,10.0,0.05,0.0011561219897604292,210.0,DLC
52000,21.2359561920166,3500.0,10.0,0.05,0.0011766574810088048,210.0,DLC
53000,21.155166625976562,3500.0,10.0,0.05,0.0011971166630246751,210.0,DLC
54000,21.07425880432129,3500.0,10.0,0.05,0.0012174980106156835,210.0,DLC
55000,20.993234634399414,3500.0,10.0,0.05,0.0012378014098517985,210.0,DLC
56000,20.91210174560547,3500.0,10.0,0.05,0.00125802674864057,210.0,DLC
57000,20.830860137939453,3500.0,10.0,0.05,0.0012781739222398724,210.0,DLC
58000,20.749509811401367,3500.0,10.0,0.05,0.00129824282590758,210.0,DLC
59000,20.668066024780273,3500.0,10.0,0.05,0.001318233354901567,210.0,DLC
60000,20.586515426635742,3500.0,10.0,0.05,0.0013381454191803569,210.0,DLC
61000,20.504871368408203,3500.0,10.0,0.05,0.0013579789158394053,210.0,DLC
62000,20.423139572143555,3500.0,10.0,0.05,0.0013777337548372358,210.0,DLC
63000,20.3413143157959,3500.0,10.0,0.05,0.0013974098516451152,210.0,DLC
64000,20.259408950805664,3500.0,10.0,0.05,0.0014170071162215672,210.0,DLC
65000,20.177412033081055,3500.0,10.0,0.05,0.0014365254713881834,210.0,DLC
66000,20.095346450805664,3500.0,10.0,0.05,0.0014559648289410685,210.0,DLC
67000,20.013195037841797,3500.0,10.0,0.05,0.001475325122727301,210.0,DLC
68000,19.93097686767578,3500.0,10.0,0.05,0.001494606270055729,210.0,DLC
69000,19.848690032958984,3500.0,10.0,0.05,0.001513808206611012,210.0,DLC
70000,19.766334533691406,3500.0,10.0,0.05,0.0015329308662402291,210.0,DLC
71000,19.683917999267578,3500.0,10.0,0.05,0.0015519741827904584,210.0,DLC
72000,19.601442337036133,3500.0,10.0,0.05,0.0015709380974591029,210.0,DLC
73000,19.518905639648438,3500.0,10.0,0.05,0.001589822553281147,210.0,DLC
74000,19.436317443847656,3500.0,10.0,0.05,0.0016086274914539943,210.0,DLC
75000,19.35784912109375,3500.0,10.0,0.05,0.001627352862362953,210.0,DLC
76000,19.285852432250977,3500.0,10.0,0.05,0.0016460026351833123,210.0,DLC
77000,19.213802337646484,3500.0,10.0,0.05,0.0016645830448279212,210.0,DLC
78000,19.14169692993164,3500.0,10.0,0.05,0.0016830940398445072,210.0,DLC
79000,19.06954002380371,3500.0,10.0,0.05,0.0017015355669432173,210.0,DLC
80000,18.997331619262695,3500.0,10.0,0.05,0.0017199075765093603,210.0,DLC
81000,18.925077438354492,3500.0,10.0,0.05,0.001738210018928245,210.0,DLC
82000,18.852773666381836,3500.0,10.0,0.05,0.001756442850097924,210.0,DLC
83000,18.780427932739258,3500.0,10.0,0.05,0.0017746060222412867,210.0,DLC
84000,18.708160400390625,3500.0,10.0,0.05,0.0017926994949315482,210.0,DLC
85000,18.637069702148438,3500.0,10.0,0.05,0.001810723343509536,210.0,DLC
86000,18.56593132019043,3500.0,10.0,0.05,0.0018286787017628204,210.0,DLC
87000,18.494760513305664,3500.0,10.0,0.05,0.0018465655237518731,210.0,DLC
88000,18.423545837402344,3500.0,10.0,0.05,0.0018643837782378143,210.0,DLC
89000,18.352298736572266,3500.0,10.0,0.05,0.0018821334229562774,210.0,DLC
90000,18.281023025512695,3500.0,10.0,0.05,0.001899814426668383,210.0,DLC
91000,18.209978103637695,3500.0,10.0,0.05,0.0019174267618104136,210.0,DLC
92000,18.138906478881836,3500.0,10.0,0.05,0.001934970650729689,210.0,DLC
93000,18.067813873291016,3500.0,10.0,0.05,0.0019524460677000726,210.0,DLC
94000,17.996692657470703,3500.0,10.0,0.05,0.001969852992508172,210.0,DLC
95000,17.925552368164062,3500.0,10.0,0.05,0.0019871913975902694,210.0,DLC
96000,17.85439682006836,3500.0,10.0,0.05,0.002004461264570554,210.0,DLC
97000,17.783222198486328,3500.0,10.0,0.05,0.0020216625787483765,210.0,DLC
98000,17.7120361328125,3500.0,10.0,0.05,0.002038795321747925,210.0,DLC
99000,17.640838623046875,3500.0,10.0,0.05,0.002055859482543713,210.0,DLC
100000,17.580705642700195,3500.0,10.0,0.05,0.0020728550501102534,210.0,DLC
101000,17.54194450378418,3500.0,10.0,0.05,0.0020897926842558096,210.0,DLC
102000,17.50313949584961,3500.0,10.0,0.05,0.002106692975077192,210.0,DLC
103000,17.464282989501953,3500.0,10.0,0.05,0.0021235558803100337,210.0,DLC
104000,17.42537498474121,3500.0,10.0,0.05,0.002140381350339644,210.0,DLC
105000,17.386425018310547,3500.0,10.0,0.05,0.002157169335551331,210.0,DLC
106000,17.34742546081543,3500.0,10.0,0.05,0.00217391979551831,210.0,DLC
107000,17.30876350402832,3500.0,10.0,0.05,0.002190632682463471,210.0,DLC
108000,17.27120590209961,3500.0,10.0,0.05,0.0022073083216386773,210.0,DLC
109000,17.23360252380371,3500.0,10.0,0.05,0.002223947777003417,210.0,DLC
110000,17.195955276489258,3500.0,10.0,0.05,0.0022405510044557417,210.0,DLC
111000,17.158260345458984,3500.0,10.0,0.05,0.002257117961731285,210.0,DLC
112000,17.120527267456055,3500.0,10.0,0.05,0.002273648602890519,210.0,DLC
113000,17.082754135131836,3500.0,10.0,0.05,0.0022901428911818195,210.0,DLC
114000,17.04493522644043,3500.0,10.0,0.05,0.002306600788015983,210.0,DLC
115000,17.007078170776367,3500.0,10.0,0.05,0.0023230222492910614,210.0,DLC
116000,16.969179153442383,3500.0,10.0,0.05,0.002339407238255432,210.0,DLC
117000,16.93124008178711,3500.0,10.0,0.05,0.002355755714482309,210.0,DLC
118000,16.893260955810547,3500.0,10.0,0.05,0.0023720676393824886,210.0,DLC
119000,16.855247497558594,3500.0,10.0,0.05,0.0023883429743667664,210.0,DLC
120000,16.817188262939453,3500.0,10.0,0.05,0.002404581686358682,210.0,DLC
121000,16.77909278869629,3500.0,10.0,0.05,0.0024207837312562874,210.0,DLC
122000,16.740964889526367,3500.0,10.0,0.05,0.0024369490741455407,210.0,DLC
123000,16.702795028686523,3500.0,10.0,0.05,0.0024530776837875627,210.0,DLC
124000,16.664331436157227,3500.0,10.0,0.05,0.002469169519755568,210.0,DLC
125000,16.624801635742188,3500.0,10.0,0.05,0.0024852242990620584,210.0,DLC
126000,16.58523941040039,3500.0,10.0,0.05,0.0025012409944991706,210.0,DLC
127000,16.545654296875,3500.0,10.0,0.05,0.002517219574828025,210.0,DLC
128000,16.506032943725586,3500.0,10.0,0.05,0.0025331600179976472,210.0,DLC
129000,16.466384887695312,3500.0,10.0,0.05,0.0025490622890939956,210.0,DLC
130000,16.42728614807129,3500.0,10.0,0.05,0.0025649263623909345,210.0,DLC
131000,16.38909339904785,3500.0,10.0,0.05,0.0025807527671118354,210.0,DLC
132000,16.350868225097656,3500.0,10.0,0.05,0.0025965423761077455,210.0,DLC
133000,16.3126163482666,3500.0,10.0,0.05,0.0026122951581397853,210.0,DLC
134000,16.274328231811523,3500.0,10.0,0.05,0.0026280110874818186,210.0,DLC
135000,16.236011505126953,3500.0,10.0,0.05,0.0026436901292198034,210.0,DLC
136000,16.197668075561523,3500.0,10.0,0.05,0.0026593322557900228,210.0,DLC
137000,16.159299850463867,3500.0,10.0,0.05,0.00267493744146634,210.0,DLC
138000,16.11715316772461,3500.0,10.0,0.05,0.0026905056623602007,210.0,DLC
139000,16.071401596069336,3500.0,10.0,0.05,0.0027060332782233424,210.0,DLC
140000,16.02564811706543,3500.0,10.0,0.05,0.0027215168160273874,210.0,DLC
141000,15.979411125183105,3500.0,10.0,0.05,0.0027369562739347542,210.0,DLC
142000,15.932260513305664,3500.0,10.0,0.05,0.002752351186118621,210.0,DLC
143000,15.885110855102539,3500.0,10.0,0.05,0.0027677006723776164,210.0,DLC
144000,15.837965965270996,3500.0,10.0,0.05,0.0027830047336305304,210.0,DLC
145000,15.790831565856934,3500.0,10.0,0.05,0.002798263374471316,210.0,DLC
146000,15.743690490722656,3500.0,10.0,0.05,0.0028134766050066694,210.0,DLC
147000,15.696563720703125,3500.0,10.0,0.05,0.002828644418805057,210.0,DLC
148000,15.653675079345703,3500.0,10.0,0.05,0.0028437668296483368,210.0,DLC
149000,15.611611366271973,3500.0,10.0,0.05,0.002858847920641829,210.0,DLC
150000,15.56952953338623,3500.0,10.0,0.05,0.002873888486539383,210.0,DLC
151000,15.527442932128906,3500.0,10.0,0.05,0.0028888885098839762,210.0,DLC
152000,15.485342979431152,3500.0,10.0,0.05,0.002903847986081657,210.0,DLC
153000,15.4432373046875,3500.0,10.0,0.05,0.0029187669022693566,210.0,DLC
154000,15.401122093200684,3500.0,10.0,0.05,0.002933645252934332,210.0,DLC
155000,15.359004020690918,3500.0,10.0,0.05,0.002948483028888677,210.0,DLC
156000,15.316877365112305,3500.0,10.0,0.05,0.0029632802273760203,210.0,DLC
157000,15.274744987487793,3500.0,10.0,0.05,0.0029780368401272467,210.0,DLC
158000,15.233012199401855,3500.0,10.0,0.05,0.0029927528616296123,210.0,DLC
159000,15.192194938659668,3500.0,10.0,0.05,0.003007428676856369,210.0,DLC
160000,15.15137767791748,3500.0,10.0,0.05,0.0030220651678464694,210.0,DLC
161000,15.110567092895508,3500.0,10.0,0.05,0.0030366623345999136,210.0,DLC
162000,15.069761276245117,3500.0,10.0,0.05,0.003051220183548236,210.0,DLC
163000,15.028961181640625,3500.0,10.0,0.05,0.003065738719285389,210.0,DLC
164000,14.988161087036133,3500.0,10.0,0.05,0.0030802179473241164,210.0,DLC
165000,14.947372436523438,3500.0,10.0,0.05,0.003094657867664418,210.0,DLC
166000,14.906586647033691,3500.0,10.0,0.05,0.003109058491331781,210.0,DLC
167000,14.86580753326416,3500.0,10.0,0.05,0.0031234198210825766,210.0,DLC
168000,14.825044631958008,3500.0,10.0,0.05,0.0031377418633483393,210.0,DLC
169000,14.784279823303223,3500.0,10.0,0.05,0.0031520246337485088,210.0,DLC
170000,14.744354248046875,3500.0,10.0,0.05,0.0031662681304455037,210.0,DLC
171000,14.712413787841797,3500.0,10.0,0.05,0.003180473161975031,210.0,DLC
172000,14.681334495544434,3500.0,10.0,0.05,0.0031946474213705844,210.0,DLC
173000,14.650245666503906,3500.0,10.0,0.05,0.0032087917383000542,210.0,DLC
174000,14.619150161743164,3500.0,10.0,0.05,0.003222906103575534,210.0,DLC
175000,14.588044166564941,3500.0,10.0,0.05,0.0032369905107654906,210.0,DLC
176000,14.555240631103516,3500.0,10.0,0.05,0.003251044949763227,210.0,DLC
177000,14.51917839050293,3500.0,10.0,0.05,0.0032650677851215185,210.0,DLC
178000,14.482406616210938,3500.0,10.0,0.05,0.003279055877332966,210.0,DLC
179000,14.442532539367676,3500.0,10.0,0.05,0.0032930085428173814,210.0,DLC
180000,14.39641284942627,3500.0,10.0,0.05,0.00330692279274902,210.0,DLC
181000,14.349202156066895,3500.0,10.0,0.05,0.0033207926099683995,210.0,DLC
182000,14.302035331726074,3500.0,10.0,0.05,0.003334616943379101,210.0,DLC
183000,14.25490665435791,3500.0,10.0,0.05,0.003348395835245491,210.0,DLC
184000,14.209086418151855,3500.0,10.0,0.05,0.0033621293223191923,210.0,DLC
185000,14.164119720458984,3500.0,10.0,0.05,0.0033758186651808753,210.0,DLC
186000,14.119183540344238,3500.0,10.0,0.05,0.003389464686148106,210.0,DLC
187000,14.074281692504883,3500.0,10.0,0.05,0.003403067414622182,210.0,DLC
188000,14.02940845489502,3500.0,10.0,0.05,0.003416626883679565,210.0,DLC
189000,13.984569549560547,3500.0,10.0,0.05,0.0034301431208839718,210.0,DLC
190000,13.939760208129883,3500.0,10.0,0.05,0.003443616159311863,210.0,DLC
191000,13.894990921020508,3500.0,10.0,0.05,0.0034570460274457463,210.0,DLC
192000,13.85025405883789,3500.0,10.0,0.05,0.0034704327638748265,210.0,DLC
193000,13.805548667907715,3500.0,10.0,0.05,0.003483776399837983,210.0,DLC
194000,13.763816833496094,3500.0,10.0,0.05,0.003497076965655305,210.0,DLC
195000,13.72330379486084,3500.0,10.0,0.05,0.003510337326115808,210.0,DLC
196000,13.682804107666016,3500.0,10.0,0.05,0.003523558655433849,210.0,DLC
197000,13.642841339111328,3500.0,10.0,0.05,0.003536740966472496,210.0,DLC
198000,13.602944374084473,3500.0,10.0,0.05,0.0035498847765108423,210.0,DLC
199000,13.561348915100098,3500.0,10.0,0.05,0.0035629901489454387,210.0,DLC
200000,13.518811225891113,3500.0,10.0,0.05,0.003576055447410269,210.0,DLC
201000,13.476303100585938,3500.0,10.0,0.05,0.003589079764140244,210.0,DLC
202000,13.430265426635742,3500.0,10.0,0.05,0.003602063127617871,210.0,DLC
203000,13.383498191833496,3500.0,10.0,0.05,0.003615002137399229,210.0,DLC
204000,13.336792945861816,3500.0,10.0,0.05,0.0036278960906095266,210.0,DLC
205000,13.290148735046387,3500.0,10.0,0.05,0.003640745046970151,210.0,DLC
206000,13.243566513061523,3500.0,10.0,0.05,0.0036535490652837,210.0,DLC
207000,13.197049140930176,3500.0,10.0,0.05,0.0036663082052715607,210.0,DLC
208000,13.151260375976562,3500.0,10.0,0.05,0.0036790225294114918,210.0,DLC
209000,13.10600471496582,3500.0,10.0,0.05,0.0036916927396594937,210.0,DLC
210000,13.060806274414062,3500.0,10.0,0.05,0.0037043193496194985,210.0,DLC
211000,13.015664100646973,3500.0,10.0,0.05,0.0037169024144189404,210.0,DLC
212000,12.970584869384766,3500.0,10.0,0.05,0.003729441988266464,210.0,DLC
213000,12.922659873962402,3500.0,10.0,0.05,0.003741938131802247,210.0,DLC
214000,12.871309280395508,3500.0,10.0,0.05,0.00375438810335521,210.0,DLC
215000,12.820059776306152,3500.0,10.0,0.05,0.0037667886026296043,210.0,DLC
216000,12.768903732299805,3500.0,10.0,0.05,0.0037791397270172306,210.0,DLC
217000,12.717848777770996,3500.0,10.0,0.05,0.0037914415665595658,210.0,DLC
218000,12.66788101196289,3500.0,10.0,0.05,0.0038036942186484104,210.0,DLC
219000,12.622018814086914,3500.0,10.0,0.05,0.0038158987307050215,210.0,DLC
220000,12.576234817504883,3500.0,10.0,0.05,0.003828059058122829,210.0,DLC
221000,12.530522346496582,3500.0,10.0,0.05,0.00384017527624266,210.0,DLC
222000,12.484890937805176,3500.0,10.0,0.05,0.0038522474539738082,210.0,DLC
223000,12.439332008361816,3500.0,10.0,0.05,0.0038642756694134725,210.0,DLC
224000,12.393851280212402,3500.0,10.0,0.05,0.0038762599923897363,210.0,DLC
225000,12.3484468460083,3500.0,10.0,0.05,0.003888200498243427,210.0,DLC
226000,12.303114891052246,3500.0,10.0,0.05,0.0039000972604777908,210.0,DLC
227000,12.257866859436035,3500.0,10.0,0.05,0.003911950348920911,210.0,DLC
228000,12.212695121765137,3500.0,10.0,0.05,0.003923759844426359,210.0,DLC
229000,12.167603492736816,3500.0,10.0,0.05,0.003935525820497381,210.0,DLC
230000,12.12444019317627,3500.0,10.0,0.05,0.003947248354312384,210.0,DLC
231000,12.082563400268555,3500.0,10.0,0.05,0.0039589293036659135,210.0,DLC
232000,12.040759086608887,3500.0,10.0,0.05,0.0039705699080064575,210.0,DLC
233000,11.999021530151367,3500.0,10.0,0.05,0.003982170237162099,210.0,DLC
234000,11.957355499267578,3500.0,10.0,0.05,0.003993730355448179,210.0,DLC
235000,11.915754318237305,3500.0,10.0,0.05,0.0040052503317739895,210.0,DLC
236000,11.874220848083496,3500.0,10.0,0.05,0.0040167302286172905,210.0,DLC
237000,11.832765579223633,3500.0,10.0,0.05,0.004028170111212212,210.0,DLC
238000,11.792373657226562,3500.0,10.0,0.05,0.004039570054899583,210.0,DLC
239000,11.752484321594238,3500.0,10.0,0.05,0.004050931084130895,210.0,DLC
240000,11.7131929397583,3500.0,10.0,0.05,0.0040622536831087805,210.0,DLC
241000,11.673979759216309,3500.0,10.0,0.05,0.0040735384279149325,210.0,DLC
242000,11.634832382202148,3500.0,10.0,0.05,0.004084785393890177,210.0,DLC
243000,11.595746040344238,3500.0,10.0,0.05,0.0040959946444310644,210.0,DLC
244000,11.556719779968262,3500.0,10.0,0.05,0.004107166238340191,210.0,DLC
245000,11.517759323120117,3500.0,10.0,0.05,0.004118300233501363,210.0,DLC
246000,11.478858947753906,3500.0,10.0,0.05,0.004129396693311131,210.0,DLC
247000,11.440024375915527,3500.0,10.0,0.05,0.004140455675653301,210.0,DLC
248000,11.40125560760498,3500.0,10.0,0.05,0.004151477243924422,210.0,DLC
249000,11.362553596496582,3500.0,10.0,0.05,0.004162461461521045,210.0,DLC
250000,11.323909759521484,3500.0,10.0,0.05,0.004173408392758509,210.0,DLC
251000,11.285338401794434,3500.0,10.0,0.05,0.00418431809368304,210.0,DLC
252000,11.246825218200684,3500.0,10.0,0.05,0.004195190634122721,210.0,DLC
253000,11.209117889404297,3500.0,10.0,0.05,0.004206026070123778,210.0,DLC
254000,11.174914360046387,3500.0,10.0,0.05,0.004216825178064248,210.0,DLC
255000,11.1412992477417,3500.0,10.0,0.05,0.004227591333580707,210.0,DLC
256000,11.107726097106934,3500.0,10.0,0.05,0.004238325103566939,210.0,DLC
257000,11.074199676513672,3500.0,10.0,0.05,0.004249026528449731,210.0,DLC
258000,11.040705680847168,3500.0,10.0,0.05,0.004259695653249822,210.0,DLC
259000,11.007259368896484,3500.0,10.0,0.05,0.0042703325092060904,210.0,DLC
260000,10.97385311126709,3500.0,10.0,0.05,0.004280937142258065,210.0,DLC
261000,10.9404878616333,3500.0,10.0,0.05,0.004291509590994951,210.0,DLC
262000,10.907166481018066,3500.0,10.0,0.05,0.004302049894924742,210.0,DLC
263000,10.873888969421387,3500.0,10.0,0.05,0.004312558096311804,210.0,DLC
264000,10.840657234191895,3500.0,10.0,0.05,0.004323034237420505,210.0,DLC
265000,10.807465553283691,3500.0,10.0,0.05,0.004333478362352792,210.0,DLC
266000,10.774317741394043,3500.0,10.0,0.05,0.0043438905096978685,210.0,DLC
267000,10.741216659545898,3500.0,10.0,0.05,0.0043542707217201024,210.0,DLC
268000,10.70815372467041,3500.0,10.0,0.05,0.004364619043440231,210.0,DLC
269000,10.67514419555664,3500.0,10.0,0.05,0.004374935511609878,210.0,DLC
270000,10.642173767089844,3500.0,10.0,0.05,0.0043852201776813145,210.0,DLC
271000,10.60925006866455,3500.0,10.0,0.05,0.004395473079324955,210.0,DLC
272000,10.576373100280762,3500.0,10.0,0.05,0.004405694261561538,210.0,DLC
273000,10.543540000915527,3500.0,10.0,0.05,0.004415883769411801,210.0,DLC
274000,10.510753631591797,3500.0,10.0,0.05,0.004426041645140111,210.0,DLC
275000,10.47801399230957,3500.0,10.0,0.05,0.004436167933767206,210.0,DLC
276000,10.445322036743164,3500.0,10.0,0.05,0.004446262680313825,210.0,DLC
277000,10.412679672241211,3500.0,10.0,0.05,0.004456325930719495,210.0,DLC
278000,10.380080223083496,3500.0,10.0,0.05,0.004466357732761327,210.0,DLC
279000,10.347528457641602,3500.0,10.0,0.05,0.004476358127784897,210.0,DLC
280000,10.315024375915527,3500.0,10.0,0.05,0.004486327161729734,210.0,DLC
281000,10.282573699951172,3500.0,10.0,0.05,0.004496264880535367,210.0,DLC
282000,10.250165939331055,3500.0,10.0,0.05,0.004506171335654067,210.0,DLC
283000,10.217812538146973,3500.0,10.0,0.05,0.004516046568431411,210.0,DLC
284000,10.184054374694824,3500.0,10.0,0.05,0.004525890631238461,210.0,DLC
285000,10.14650821685791,3500.0,10.0,0.05,0.0045357021706967,210.0,DLC
286000,10.109042167663574,3500.0,10.0,0.05,0.0045454775373699585,210.0,DLC
287000,10.071649551391602,3500.0,10.0,0.05,0.004555216808436645,210.0,DLC
288000,10.03433895111084,3500.0,10.0,0.05,0.004564920054643634,210.0,DLC
289000,9.997110366821289,3500.0,10.0,0.05,0.004574587355006916,210.0,DLC
290000,9.959959030151367,3500.0,10.0,0.05,0.004584218788542479,210.0,DLC
291000,9.927698135375977,3500.0,10.0,0.05,0.00459381442967236,210.0,DLC
292000,9.89725399017334,3500.0,10.0,0.05,0.004603378989954634,210.0,DLC
293000,9.86685848236084,3500.0,10.0,0.05,0.004612914219685348,210.0,DLC
294000,9.83651065826416,3500.0,10.0,0.05,0.004622420165722821,210.0,DLC
295000,9.80621337890625,3500.0,10.0,0.05,0.004631896874006582,210.0,DLC
296000,9.77596664428711,3500.0,10.0,0.05,0.004641344393232532,210.0,DLC
297000,9.745772361755371,3500.0,10.0,0.05,0.004650762772096571,210.0,DLC
298000,9.715014457702637,3500.0,10.0,0.05,0.004660152061132181,210.0,DLC
299000,9.683871269226074,3500.0,10.0,0.05,0.004669511717334131,210.0,DLC
300000,9.652787208557129,3500.0,10.0,0.05,0.004678841369511028,210.0,DLC
301000,9.6217622756958,3500.0,10.0,0.05,0.004688141074627889,210.0,DLC
302000,9.59079360961914,3500.0,10.0,0.05,0.004697410889649729,210.0,DLC
303000,9.559887886047363,3500.0,10.0,0.05,0.004706650868785192,210.0,DLC
304000,9.52903938293457,3500.0,10.0,0.05,0.004715861072674456,210.0,DLC
305000,9.498246192932129,3500.0,10.0,0.05,0.004725041556444955,210.0,DLC
306000,9.467516899108887,3500.0,10.0,0.05,0.004734192373386544,210.0,DLC
307000,9.436845779418945,3500.0,10.0,0.05,0.00474331358505819,210.0,DLC
308000,9.406230926513672,3500.0,10.0,0.05,0.004752405247506119,210.0,DLC
309000,9.375861167907715,3500.0,10.0,0.05,0.004761467414938976,210.0,DLC
310000,9.349014282226562,3500.0,10.0,0.05,0.004770500323485936,210.0,DLC
311000,9.322149276733398,3500.0,10.0,0.05,0.00477950736715939,210.0,DLC
312000,9.295317649841309,3500.0,10.0,0.05,0.004788488528502316,210.0,DLC
313000,9.268528938293457,3500.0,10.0,0.05,0.004797443839672384,210.0,DLC
314000,9.241779327392578,3500.0,10.0,0.05,0.00480637334201517,210.0,DLC
315000,9.215067863464355,3500.0,10.0,0.05,0.004815277073201087,210.0,DLC
316000,9.188399314880371,3500.0,10.0,0.05,0.004824155069981759,210.0,DLC
317000,9.161249160766602,3500.0,10.0,0.05,0.004833007373702762,210.0,DLC
318000,9.126968383789062,3500.0,10.0,0.05,0.004841833520374854,210.0,DLC
319000,9.092771530151367,3500.0,10.0,0.05,0.004850626640200898,210.0,DLC
320000,9.0586576461792,3500.0,10.0,0.05,0.004859386814034465,210.0,DLC
321000,9.028404235839844,3500.0,10.0,0.05,0.004868114121810336,210.0,DLC
322000,8.999053955078125,3500.0,10.0,0.05,0.004876812282792762,210.0,DLC
323000,8.969761848449707,3500.0,10.0,0.05,0.004885482167076418,210.0,DLC
324000,8.940529823303223,3500.0,10.0,0.05,0.00489412383070753,210.0,DLC
325000,8.911359786987305,3500.0,10.0,0.05,0.004902737331569904,210.0,DLC
326000,8.88224983215332,3500.0,10.0,0.05,0.004911322729384928,210.0,DLC
327000,8.85319995880127,3500.0,10.0,0.05,0.004919880082036408,210.0,DLC
328000,8.82420825958252,3500.0,10.0,0.05,0.0049284094474081495,210.0,DLC
329000,8.795276641845703,3500.0,10.0,0.05,0.0049369108815463785,210.0,DLC
330000,8.766407012939453,3500.0,10.0,0.05,0.004945384442334901,210.0,DLC
331000,8.73759937286377,3500.0,10.0,0.05,0.004953830189495105,210.0,DLC
332000,8.708849906921387,3500.0,10.0,0.05,0.004962248182748376,210.0,DLC
333000,8.680163383483887,3500.0,10.0,0.05,0.004970638478140941,210.0,DLC
334000,8.651535034179688,3500.0,10.0,0.05,0.0049790011363129785,210.0,DLC
335000,8.622968673706055,3500.0,10.0,0.05,0.004987336213310712,210.0,DLC
336000,8.594464302062988,3500.0,10.0,0.05,0.00499564376885553,210.0,DLC
336526,8.57003116607666,3500.0,10.0,0.05,0.005,210.0,DLC
337526,8.547387398782153,3500.0,10.0,0.05,0.00501896511972587,210.0,DLC
338526,8.51828420916834,3500.0,10.0,0.05,0.005027571752354338,210.0,DLC
339526,8.489181019554529,3500.0,10.0,0.05,0.0050361556261490055,210.0,DLC
340526,8.460077829940717,3500.0,10.0,0.05,0.0050447168286976716,210.0,DLC
341526,8.430974640326907,3500.0,10.0,0.05,0.005053255447251052,210.0,DLC
342526,8.401871450713095,3500.0,10.0,0.05,0.005061771568724081,210.0,DLC
343526,8.372768261099283,3500.0,10.0,0.05,0.005070265279697196,210.0,DLC
344526,8.343665071485473,3500.0,10.0,0.05,0.005078736666417629,210.0,DLC
345526,8.314561881871661,3500.0,10.0,0.05,0.005087185814800686,210.0,DLC
346526,8.28545869225785,3500.0,10.0,0.05,0.005095612810431031,210.0,DLC
347526,8.256355502644038,3500.0,10.0,0.05,0.005104017738563945,210.0,DLC
348526,8.227252313030228,3500.0,10.0,0.05,0.005112400684126615,210.0,DLC
349526,8.198149123416416,3500.0,10.0,0.05,0.005120761731719373,210.0,DLC
350526,8.169045933802604,3500.0,10.0,0.05,0.005129100965616971,210.0,DLC
351526,8.139942744188794,3500.0,10.0,0.05,0.005137418469769825,210.0,DLC
352526,8.110839554574982,3500.0,10.0,0.05,0.005145714327805268,210.0,DLC
353526,8.08173636496117,3500.0,10.0,0.05,0.005153988623028792,210.0,DLC
354526,8.052633175347358,3500.0,10.0,0.05,0.0051622414384252845,210.0,DLC
355526,8.023529985733548,3500.0,10.0,0.05,0.005170472856660265,210.0,DLC
356526,7.994426796119736,3500.0,10.0,0.05,0.005178682960081114,210.0,DLC
357526,7.965323606505924,3500.0,10.0,0.05,0.0051868718307182945,210.0,DLC
358526,7.936220416892114,3500.0,10.0,0.05,0.005195039550286576,210.0,DLC
359526,7.907117227278302,3500.0,10.0,0.05,0.0052031862001862455,210.0,DLC
360526,7.8780140376644905,3500.0,10.0,0.05,0.005211311861504321,210.0,DLC
361526,7.848910848050679,3500.0,10.0,0.05,0.005219416615015753,210.0,DLC
362526,7.8198076584368685,3500.0,10.0,0.05,0.005227500541184631,210.0,DLC
363526,7.790704468823057,3500.0,10.0,0.05,0.005235563720165376,210.0,DLC
364526,7.761601279209245,3500.0,10.0,0.05,0.005243606231803932,210.0,DLC
365526,7.732498089595435,3500.0,10.0,0.05,0.005251628155638955,210.0,DLC
366526,7.703394899981623,3500.0,10.0,0.05,0.005259629570902996,210.0,DLC
367526,7.674291710367811,3500.0,10.0,0.05,0.0052676105565236785,210.0,DLC
368526,7.645188520753999,3500.0,10.0,0.05,0.005275571191124867,210.0,DLC
369526,7.616085331140189,3500.0,10.0,0.05,0.005283511553027847,210.0,DLC
370526,7.586982141526377,3500.0,10.0,0.05,0.005291431720252478,210.0,DLC
371526,7.557878951912565,3500.0,10.0,0.05,0.005299331770518362,210.0,DLC
372526,7.5287757622987534,3500.0,10.0,0.05,0.005307211781245993,210.0,DLC
373526,7.499672572684943,3500.0,10.0,0.05,0.005315071829557913,210.0,DLC
374526,7.4705693830711315,3500.0,10.0,0.05,0.005322911992279855,210.0,DLC
375526,7.44146619345732,3500.0,10.0,0.05,0.0053307323459418875,210.0,DLC
376526,7.4123630038435095,3500.0,10.0,0.05,0.005338532966779549,210.0,DLC
377526,7.383259814229698,3500.0,10.0,0.05,0.005346313930734989,210.0,DLC
378526,7.354156624615886,3500.0,10.0,0.05,0.00535407531345809,210.0,DLC
379526,7.325053435002074,3500.0,10.0,0.05,0.0053618171903075905,210.0,DLC
380526,7.295950245388264,3500.0,10.0,0.05,0.005369539636352216,210.0,DLC
381526,7.266847055774452,3500.0,10.0,0.05,0.005377242726371785,210.0,DLC
382526,7.23774386616064,3500.0,10.0,0.05,0.005384926534858325,210.0,DLC
383526,7.20864067654683,3500.0,10.0,0.05,0.005392591136017179,210.0,DLC
384526,7.179537486933018,3500.0,10.0,0.05,0.005400236603768109,210.0,DLC
385526,7.150434297319206,3500.0,10.0,0.05,0.0054078630117464,210.0,DLC
386526,7.1213311077053945,3500.0,10.0,0.05,0.005415470433303941,210.0,DLC
387526,7.092227918091584,3500.0,10.0,0.05,0.005423058941510335,210.0,DLC
388526,7.0631247284777725,3500.0,10.0,0.05,0.005430628609153969,210.0,DLC
389526,7.034021538863961,3500.0,10.0,0.05,0.005438179508743104,210.0,DLC
390526,7.0049183492501506,3500.0,10.0,0.05,0.0054457117125069525,210.0,DLC
391526,6.975815159636339,3500.0,10.0,0.05,0.005453225292396749,210.0,DLC
392526,6.946711970022527,3500.0,10.0,0.05,0.005460720320086827,210.0,DLC
393526,6.917608780408715,3500.0,10.0,0.05,0.005468196866975675,210.0,DLC
394526,6.888505590794905,3500.0,10.0,0.05,0.005475655004187004,210.0,DLC
395526,6.859402401181093,3500.0,10.0,0.05,0.005483094802570808,210.0,DLC
396526,6.830299211567281,3500.0,10.0,0.05,0.00549051633270441,210.0,DLC
397526,6.801196021953471,3500.0,10.0,0.05,0.005497919664893514,210.0,DLC
398526,6.772092832339659,3500.0,10.0,0.05,0.005505304869173254,210.0,DLC
399526,6.742989642725847,3500.0,10.0,0.05,0.00551267201530923,210.0,DLC
400526,6.7138864531120355,3500.0,10.0,0.05,0.00552002117279855,210.0,DLC
401526,6.684783263498225,3500.0,10.0,0.05,0.005527352410870861,210.0,DLC
402526,6.6556800738844135,3500.0,10.0,0.05,0.005534665798489374,210.0,DLC
403526,6.626576884270602,3500.0,10.0,0.05,0.005541961404351899,210.0,DLC
404526,6.597473694656792,3500.0,10.0,0.05,0.00554923929689186,210.0,DLC
405526,6.56837050504298,3500.0,10.0,0.05,0.005556499544279313,210.0,DLC
406526,6.539267315429168,3500.0,10.0,0.05,0.005563742214421959,210.0,DLC
407526,6.510164125815356,3500.0,10.0,0.05,0.005570967374966157,210.0,DLC
408526,6.481060936201546,3500.0,10.0,0.05,0.005578175093297928,210.0,DLC
409526,6.451957746587734,3500.0,10.0,0.05,0.005585365436543952,210.0,DLC
410526,6.422854556973922,3500.0,10.0,0.05,0.005592538471572578,210.0,DLC
411526,6.39375136736011,3500.0,10.0,0.05,0.005599694264994806,210.0,DLC
412526,6.3646481777463,3500.0,10.0,0.05,0.005606832883165283,210.0,DLC
413526,6.335544988132488,3500.0,10.0,0.05,0.005613954392183289,210.0,DLC
414526,6.3064417985186765,3500.0,10.0,0.05,0.005621058857893721,210.0,DLC
415526,6.277338608904866,3500.0,10.0,0.05,0.005628146345888069,210.0,DLC
416526,6.2482354192910545,3500.0,10.0,0.05,0.005635216921505395,210.0,DLC
417526,6.219132229677243,3500.0,10.0,0.05,0.005642270649833297,210.0,DLC
418526,6.190029040063431,3500.0,10.0,0.05,0.005649307595708891,210.0,DLC
419526,6.160925850449621,3500.0,10.0,0.05,0.005656327823719759,210.0,DLC
420526,6.131822660835809,3500.0,10.0,0.05,0.0056633313982049184,210.0,DLC
421526,6.102719471221997,3500.0,10.0,0.05,0.005670318383255778,210.0,DLC
422526,6.073616281608187,3500.0,10.0,0.05,0.005677288842717089,210.0,DLC
423526,6.044513091994375,3500.0,10.0,0.05,0.005684242840187892,210.0,DLC
424526,6.015409902380563,3500.0,10.0,0.05,0.00569118043902247,210.0,DLC
425526,5.986306712766751,3500.0,10.0,0.05,0.005698101702331284,210.0,DLC
426526,5.957203523152941,3500.0,10.0,0.05,0.005705006692981913,210.0,DLC
427526,5.928100333539129,3500.0,10.0,0.05,0.005711895473599988,210.0,DLC
428526,5.8989971439253175,3500.0,10.0,0.05,0.005718768106570125,210.0,DLC
429526,5.869893954311507,3500.0,10.0,0.05,0.005725624654036854,210.0,DLC
430526,5.8407907646976955,3500.0,10.0,0.05,0.005732465177905536,210.0,DLC
431526,5.811687575083884,3500.0,10.0,0.05,0.005739289739843289,210.0,DLC
432526,5.782584385470072,3500.0,10.0,0.05,0.0057460984012799084,210.0,DLC
433526,5.753481195856262,3500.0,10.0,0.05,0.005752891223408772,210.0,DLC
434526,5.72437800624245,3500.0,10.0,0.05,0.005759668267187754,210.0,DLC
435526,5.695274816628638,3500.0,10.0,0.05,0.0057664295933401305,210.0,DLC
436526,5.666171627014828,3500.0,10.0,0.05,0.005773175262355486,210.0,DLC
437526,5.637068437401016,3500.0,10.0,0.05,0.005779905334490606,210.0,DLC
438526,5.607965247787204,3500.0,10.0,0.05,0.005786619869770379,210.0,DLC
439526,5.578862058173392,3500.0,10.0,0.05,0.005793318927988686,210.0,DLC
440526,5.549758868559582,3500.0,10.0,0.05,0.00580000256870929,210.0,DLC
441526,5.52065567894577,3500.0,10.0,0.05,0.005806670851266721,210.0,DLC
442526,5.4915524893319585,3500.0,10.0,0.05,0.0058133238347671595,210.0,DLC
443526,5.462449299718148,3500.0,10.0,0.05,0.005819961578089317,210.0,DLC
444526,5.4333461101043365,3500.0,10.0,0.05,0.005826584139885306,210.0,DLC
445526,5.404242920490525,3500.0,10.0,0.05,0.005833191578581515,210.0,DLC
446526,5.375139730876713,3500.0,10.0,0.05,0.00583978395237948,210.0,DLC
447526,5.346036541262903,3500.0,10.0,0.05,0.005846361319256746,210.0,DLC
448526,5.316933351649091,3500.0,10.0,0.05,0.00585292373696773,210.0,DLC
449526,5.287830162035279,3500.0,10.0,0.05,0.005859471263044581,210.0,DLC
450526,5.258726972421469,3500.0,10.0,0.05,0.005866003954798033,210.0,DLC
451526,5.229623782807657,3500.0,10.0,0.05,0.005872521869318261,210.0,DLC
452526,5.200520593193845,3500.0,10.0,0.05,0.005879025063475724,210.0,DLC
453526,5.171417403580033,3500.0,10.0,0.05,0.005885513593922017,210.0,DLC
454526,5.142314213966223,3500.0,10.0,0.05,0.005891987517090708,210.0,DLC
455526,5.113211024352411,3500.0,10.0,0.05,0.00589844688919818,210.0,DLC
456526,5.0841078347385995,3500.0,10.0,0.05,0.00590489176624447,210.0,DLC
457526,5.055004645124788,3500.0,10.0,0.05,0.00591132220401409,210.0,DLC
458526,5.0259014555109776,3500.0,10.0,0.05,0.005917738258076871,210.0,DLC
459526,4.996798265897166,3500.0,10.0,0.05,0.00592413998378878,210.0,DLC
460526,4.967695076283354,3500.0,10.0,0.05,0.0059305274362927455,210.0,DLC
461526,4.938591886669544,3500.0,10.0,0.05,0.005936900670519476,210.0,DLC
462526,4.909488697055732,3500.0,10.0,0.05,0.005943259741188282,210.0,DLC
463526,4.88038550744192,3500.0,10.0,0.05,0.005949604702807882,210.0,DLC
464526,4.851282317828108,3500.0,10.0,0.05,0.005955935609677217,210.0,DLC
465526,4.822179128214298,3500.0,10.0,0.05,0.00596225251588626,210.0,DLC
466526,4.793075938600486,3500.0,10.0,0.05,0.0059685554753168175,210.0,DLC
467526,4.763972748986674,3500.0,10.0,0.05,0.0059748445416433265,210.0,DLC
468526,4.734869559372864,3500.0,10.0,0.05,0.005981119768333662,210.0,DLC
469526,4.705766369759052,3500.0,10.0,0.05,0.0059873812086499245,210.0,DLC
470526,4.6766631801452405,3500.0,10.0,0.05,0.005993628915649234,210.0,DLC
471526,4.647559990531429,3500.0,10.0,0.05,0.005999862942184521,210.0,DLC
472526,4.618456800917619,3500.0,10.0,0.05,0.006006083340905309,210.0,DLC
473526,4.589353611303807,3500.0,10.0,0.05,0.006012290164258498,210.0,DLC
474526,4.560250421689995,3500.0,10.0,0.05,0.006018483464489148,210.0,DLC
475526,4.531147232076185,3500.0,10.0,0.05,0.006024663293641251,210.0,DLC
476526,4.502044042462373,3500.0,10.0,0.05,0.0060308297035585046,210.0,DLC
477526,4.472940852848561,3500.0,10.0,0.05,0.0060369827458850904,210.0,DLC
478526,4.443837663234749,3500.0,10.0,0.05,0.006043122472066431,210.0,DLC
479526,4.414734473620939,3500.0,10.0,0.05,0.006049248933349962,210.0,DLC
480526,4.385631284007127,3500.0,10.0,0.05,0.006055362180785895,210.0,DLC
481526,4.356528094393315,3500.0,10.0,0.05,0.006061462265227972,210.0,DLC
482526,4.327424904779505,3500.0,10.0,0.05,0.006067549237334221,210.0,DLC
483526,4.298321715165693,3500.0,10.0,0.05,0.006073623147567715,210.0,DLC
484526,4.2692185255518815,3500.0,10.0,0.05,0.006079684046197317,210.0,DLC
485526,4.24011533593807,3500.0,10.0,0.05,0.006085731983298431,210.0,DLC
486526,4.21101214632426,3500.0,10.0,0.05,0.006091767008753742,210.0,DLC
487526,4.181908956710448,3500.0,10.0,0.05,0.006097789172253965,210.0,DLC
488526,4.152805767096636,3500.0,10.0,0.05,0.006103798523298576,210.0,DLC
489526,4.123702577482826,3500.0,10.0,0.05,0.0061097951111965506,210.0,DLC
490526,4.094599387869014,3500.0,10.0,0.05,0.006115778985067101,210.0,DLC
491526,4.065496198255202,3500.0,10.0,0.05,0.006121750193840402,210.0,DLC
492526,4.03639300864139,3500.0,10.0,0.05,0.006127708786258316,210.0,DLC
493526,4.00728981902758,3500.0,10.0,0.05,0.006133654810875128,210.0,DLC
494526,3.978186629413768,3500.0,10.0,0.05,0.006139588316058256,210.0,DLC
495526,3.9490834397999564,3500.0,10.0,0.05,0.006145509349988977,210.0,DLC
496526,3.9199802501861445,3500.0,10.0,0.05,0.006151417960663143,210.0,DLC
497526,3.8908770605723344,3500.0,10.0,0.05,0.006157314195891889,210.0,DLC
498526,3.8617738709585225,3500.0,10.0,0.05,0.00616319810330235,210.0,DLC
499526,3.8326706813447107,3500.0,10.0,0.05,0.006169069730338368,210.0,DLC
500526,3.8035674917309006,3500.0,10.0,0.05,0.006174929124261196,210.0,DLC
501526,3.7744643021170887,3500.0,10.0,0.05,0.0061807763321502,210.0,DLC
502526,3.745361112503277,3500.0,10.0,0.05,0.006186611400903562,210.0,DLC
503526,3.716257922889465,3500.0,10.0,0.05,0.006192434377238973,210.0,DLC
504526,3.687154733275655,3500.0,10.0,0.05,0.0061982453076943325,210.0,DLC
505526,3.658051543661843,3500.0,10.0,0.05,0.006204044238628438,210.0,DLC
506526,3.628948354048031,3500.0,10.0,0.05,0.006209831216221672,210.0,DLC
507526,3.599845164434221,3500.0,10.0,0.05,0.006215606286476694,210.0,DLC
508526,3.5707419748204092,3500.0,10.0,0.05,0.0062213694952191175,210.0,DLC
509526,3.5416387852065974,3500.0,10.0,0.05,0.006227120888098198,210.0,DLC
510526,3.5125355955927855,3500.0,10.0,0.05,0.006232860510587511,210.0,DLC
511526,3.4834324059789754,3500.0,10.0,0.05,0.00623858840798562,210.0,DLC
512526,3.4543292163651635,3500.0,10.0,0.05,0.006244304625416761,210.0,DLC
513526,3.4252260267513517,3500.0,10.0,0.05,0.006250009207831508,210.0,DLC
514526,3.3961228371375416,3500.0,10.0,0.05,0.006255702200007441,210.0,DLC
515526,3.3670196475237297,3500.0,10.0,0.05,0.006261383646549812,210.0,DLC
516526,3.337916457909918,3500.0,10.0,0.05,0.006267053591892209,210.0,DLC
517526,3.308813268296106,3500.0,10.0,0.05,0.006272712080297218,210.0,DLC
518526,3.279710078682296,3500.0,10.0,0.05,0.006278359155857078,210.0,DLC
519526,3.250606889068484,3500.0,10.0,0.05,0.00628399486249434,210.0,DLC
520526,3.221503699454672,3500.0,10.0,0.05,0.006289619243962517,210.0,DLC
521526,3.192400509840862,3500.0,10.0,0.05,0.006295232343846734,210.0,DLC
522526,3.1632973202270502,3500.0,10.0,0.05,0.006300834205564381,210.0,DLC
523526,3.1341941306132384,3500.0,10.0,0.05,0.006306424872365753,210.0,DLC
524526,3.1050909409994265,3500.0,10.0,0.05,0.006312004387334699,210.0,DLC
525526,3.0759877513856164,3500.0,10.0,0.05,0.006317572793389254,210.0,DLC
526526,3.0468845617718046,3500.0,10.0,0.05,0.006323130133282284,210.0,DLC
527526,3.0177813721579927,3500.0,10.0,0.05,0.006328676449602124,210.0,DLC
528526,2.9886781825441826,3500.0,10.0,0.05,0.006334211784773201,210.0,DLC
529526,2.9595749929303707,3500.0,10.0,0.05,0.006339736181056672,210.0,DLC
530526,2.930471803316559,3500.0,10.0,0.05,0.006345249680551054,210.0,DLC
531526,2.901368613702747,3500.0,10.0,0.05,0.006350752325192845,210.0,DLC
532526,2.872265424088937,3500.0,10.0,0.05,0.006356244156757149,210.0,DLC
533526,2.843162234475125,3500.0,10.0,0.05,0.006361725216858301,210.0,DLC
534526,2.814059044861313,3500.0,10.0,0.05,0.006367195546950476,210.0,DLC
535526,2.784955855247503,3500.0,10.0,0.05,0.0063726551883283205,210.0,DLC
536526,2.7558526656336912,3500.0,10.0,0.05,0.006378104182127552,210.0,DLC
537526,2.7267494760198794,3500.0,10.0,0.05,0.006383542569325576,210.0,DLC
538526,2.6976462864060675,3500.0,10.0,0.05,0.006388970390742097,210.0,DLC
539526,2.6685430967922574,3500.0,10.0,0.05,0.006394387687039728,210.0,DLC
540526,2.6394399071784456,3500.0,10.0,0.05,0.006399794498724583,210.0,DLC
541526,2.6103367175646337,3500.0,10.0,0.05,0.006405190866146895,210.0,DLC
542526,2.581233527950822,3500.0,10.0,0.05,0.006410576829501606,210.0,DLC
543526,2.5521303383370118,3500.0,10.0,0.05,0.0064159524288289645,210.0,DLC
544526,2.5230271487232,3500.0,10.0,0.05,0.006421317704015125,210.0,DLC
545526,2.493923959109388,3500.0,10.0,0.05,0.006426672694792741,210.0,DLC
546526,2.464820769495578,3500.0,10.0,0.05,0.006432017440741553,210.0,DLC
547526,2.435717579881766,3500.0,10.0,0.05,0.006437351981288976,210.0,DLC
548526,2.406614390267954,3500.0,10.0,0.05,0.006442676355710691,210.0,DLC
549526,2.3775112006541423,3500.0,10.0,0.05,0.006447990603131226,210.0,DLC
550526,2.3484080110403305,3500.0,10.0,0.05,0.006453294762524532,210.0,DLC
551526,2.3193048214265204,3500.0,10.0,0.05,0.006458588872714576,210.0,DLC
552526,2.2902016318127103,3500.0,10.0,0.05,0.006463872972375905,210.0,DLC
553526,2.2610984421988967,3500.0,10.0,0.05,0.006469147100034227,210.0,DLC
554526,2.2319952525850866,3500.0,10.0,0.05,0.006474411294066985,210.0,DLC
555526,2.2028920629712765,3500.0,10.0,0.05,0.006479665592703924,210.0,DLC
556526,2.173788873357463,3500.0,10.0,0.05,0.006484910034027659,210.0,DLC
557526,2.1446856837436528,3500.0,10.0,0.05,0.0064901446559742495,210.0,DLC
558526,2.1155824941298427,3500.0,10.0,0.05,0.006495369496333751,210.0,DLC
559526,2.086479304516029,3500.0,10.0,0.05,0.006500584592750788,210.0,DLC
560526,2.057376114902219,3500.0,10.0,0.05,0.006505789982725105,210.0,DLC
561526,2.0282729252884053,3500.0,10.0,0.05,0.006510985703612131,210.0,DLC
562526,1.9991697356745952,3500.0,10.0,0.05,0.0065161717926235305,210.0,DLC
563526,1.9700665460607851,3500.0,10.0,0.05,0.0065213482868277575,210.0,DLC
564526,1.9409633564469715,3500.0,10.0,0.05,0.006526515223150611,210.0,DLC
565526,1.9118601668331614,3500.0,10.0,0.05,0.006531672638375775,210.0,DLC
566526,1.8827569772193513,3500.0,10.0,0.05,0.0065368205691453745,210.0,DLC
567526,1.8536537876055377,3500.0,10.0,0.05,0.006541959051960517,210.0,DLC
568526,1.8245505979917276,3500.0,10.0,0.05,0.006547088123181832,210.0,DLC
569526,1.7954474083779175,3500.0,10.0,0.05,0.0065522078190300165,210.0,DLC
570526,1.7663442187641039,3500.0,10.0,0.05,0.0065573181755863704,210.0,DLC
571526,1.7372410291502938,3500.0,10.0,0.05,0.006562419228793333,210.0,DLC
572526,1.7081378395364801,3500.0,10.0,0.05,0.006567511014455024,210.0,DLC
573526,1.67903464992267,3500.0,10.0,0.05,0.006572593568237761,210.0,DLC
574526,1.64993146030886,3500.0,10.0,0.05,0.00657766692567061,210.0,DLC
575526,1.6208282706950463,3500.0,10.0,0.05,0.006582731122145892,210.0,DLC
576526,1.5917250810812362,3500.0,10.0,0.05,0.006587786192919727,210.0,DLC
577526,1.5626218914674261,3500.0,10.0,0.05,0.00659283217311255,210.0,DLC
578526,1.5335187018536125,3500.0,10.0,0.05,0.006597869097709633,210.0,DLC
579526,1.5044155122398024,3500.0,10.0,0.05,0.006602897001561605,210.0,DLC
580526,1.4753123226259923,3500.0,10.0,0.05,0.006607915919384977,210.0,DLC
581526,1.4462091330121787,3500.0,10.0,0.05,0.006612925885762648,210.0,DLC
582526,1.4171059433983686,3500.0,10.0,0.05,0.006617926935144425,210.0,DLC
583526,1.3880027537845585,3500.0,10.0,0.05,0.006622919101847535,210.0,DLC
584526,1.3588995641707449,3500.0,10.0,0.05,0.006627902420057136,210.0,DLC
585526,1.3297963745569348,3500.0,10.0,0.05,0.006632876923826821,210.0,DLC
586526,1.3006931849431211,3500.0,10.0,0.05,0.006637842647079128,210.0,DLC
587526,1.271589995329311,3500.0,10.0,0.05,0.006642799623606043,210.0,DLC
588526,1.242486805715501,3500.0,10.0,0.05,0.006647747887069507,210.0,DLC
589526,1.2133836161016873,3500.0,10.0,0.05,0.006652687471001905,210.0,DLC
590526,1.1842804264878772,3500.0,10.0,0.05,0.0066576184088065786,210.0,DLC
591526,1.1551772368740671,3500.0,10.0,0.05,0.006662540733758313,210.0,DLC
592526,1.1260740472602535,3500.0,10.0,0.05,0.006667454479003835,210.0,DLC
593526,1.0969708576464434,3500.0,10.0,0.05,0.006672359677562305,210.0,DLC
594526,1.0678676680326333,3500.0,10.0,0.05,0.0066772563623258094,210.0,DLC
595526,1.0387644784188197,3500.0,10.0,0.05,0.006682144566059851,210.0,DLC
596526,1.0096612888050096,3500.0,10.0,0.05,0.0066870243214038295,210.0,DLC
597526,0.9805580991911995,3500.0,10.0,0.05,0.0066918956608715335,210.0,DLC
598526,0.9514549095773859,3500.0,10.0,0.05,0.0066967586168516224,210.0,DLC
599526,0.9223517199635758,3500.0,10.0,0.05,0.006701613221608106,210.0,DLC
600526,0.8932485303497621,3500.0,10.0,0.05,0.006706459507280826,210.0,DLC
601526,0.8641453407359521,3500.0,10.0,0.05,0.006711297505885933,210.0,DLC
602526,0.835042151122142,3500.0,10.0,0.05,0.006716127249316363,210.0,DLC
603526,0.8059389615083283,3500.0,10.0,0.05,0.006720948769342311,210.0,DLC
604526,0.7768357718945182,3500.0,10.0,0.05,0.006725762097611706,210.0,DLC
605526,0.7477325822807082,3500.0,10.0,0.05,0.006730567265650676,210.0,DLC
606526,0.7186293926668945,3500.0,10.0,0.05,0.006735364304864022,210.0,DLC
607526,0.6895262030530844,3500.0,10.0,0.05,0.006740153246535683,210.0,DLC
608526,0.6604230134392743,3500.0,10.0,0.05,0.006744934121829201,210.0,DLC
609526,0.6313198238254607,3500.0,10.0,0.05,0.006749706961788185,210.0,DLC
610526,0.6022166342116506,3500.0,10.0,0.05,0.006754471797336769,210.0,DLC
611526,0.573113444597837,3500.0,10.0,0.05,0.006759228659280081,210.0,DLC
612526,0.5440102549840269,3500.0,10.0,0.05,0.006763977578304688,210.0,DLC
613526,0.5149070653702168,3500.0,10.0,0.05,0.006768718584979065,210.0,DLC
614526,0.48580387575640316,3500.0,10.0,0.05,0.00677345170975404,210.0,DLC
615526,0.45670068614259307,3500.0,10.0,0.05,0.006778176982963252,210.0,DLC
616526,0.427597496528783,3500.0,10.0,0.05,0.006782894434823599,210.0,DLC
617526,0.39849430691496934,3500.0,10.0,0.05,0.006787604095435691,210.0,DLC
618526,0.36939111730115926,3500.0,10.0,0.05,0.006792305994784292,210.0,DLC
619526,0.34028792768734917,3500.0,10.0,0.05,0.006797000162738771,210.0,DLC
