variant,model,test_case,pressure_mae,wear_mae_um,predicted_life,true_life,life_abs_error,native_actual_step,used_actual_step,candidate,test_files
baseline_5d,FNN,Run16.xlsx,10.047618865966797,0.07355961078286563,31924.12302304747,31328.193563571127,595.9294594763414,163.0,163.0,R3_Run16_Run30_Run7_Run29,Run16.csv;Run30.csv;Run7.csv;Run29.csv
baseline_5d,FNN,Run29.xlsx,6.60023832321167,0.1698894973368541,18807.103322707815,20098.92064774445,1291.8173250366344,435.0,250.0,R3_Run16_Run30_Run7_Run29,Run16.csv;Run30.csv;Run7.csv;Run29.csv
baseline_5d,FNN,Run30.xlsx,3.0687413215637207,0.05964099756726171,23179.843010643723,23723.808846679636,543.9658360359135,435.0,250.0,R3_Run16_Run30_Run7_Run29,Run16.csv;Run30.csv;Run7.csv;Run29.csv
baseline_5d,FNN,Run7.xlsx,10.053475379943848,0.11824954478436994,13394.458385996608,14533.749424829995,1139.2910388333876,261.0,250.0,R3_Run16_Run30_Run7_Run29,Run16.csv;Run30.csv;Run7.csv;Run29.csv
baseline_5d,GRU,Run16.xlsx,6.846724987030029,0.07991889896966976,29705.896151499055,31328.193563571127,1622.297412072072,163.0,163.0,R3_Run16_Run30_Run7_Run29,Run16.csv;Run30.csv;Run7.csv;Run29.csv
baseline_5d,GRU,Run29.xlsx,2.724080801010132,0.04600431623040529,19821.81892204834,20098.92064774445,277.1017256961095,435.0,250.0,R3_Run16_Run30_Run7_Run29,Run16.csv;Run30.csv;Run7.csv;Run29.csv
baseline_5d,GRU,Run30.xlsx,12.915308952331543,0.17218191695402907,21496.97163964307,23723.808846679636,2226.837207036566,435.0,250.0,R3_Run16_Run30_Run7_Run29,Run16.csv;Run30.csv;Run7.csv;Run29.csv
baseline_5d,GRU,Run7.xlsx,8.236444473266602,0.07892602034030054,14371.331945228925,14533.749424829995,162.41747960107023,261.0,250.0,R3_Run16_Run30_Run7_Run29,Run16.csv;Run30.csv;Run7.csv;Run29.csv
baseline_5d,LSTM,Run16.xlsx,6.253990173339844,0.079418302200473,29724.823020710446,31328.193563571127,1603.3705428606809,163.0,163.0,R3_Run16_Run30_Run7_Run29,Run16.csv;Run30.csv;Run7.csv;Run29.csv
baseline_5d,LSTM,Run29.xlsx,2.4278461933135986,0.03490820804347427,20062.98241736484,20098.92064774445,35.938230379608285,435.0,250.0,R3_Run16_Run30_Run7_Run29,Run16.csv;Run30.csv;Run7.csv;Run29.csv
baseline_5d,LSTM,Run30.xlsx,8.61479377746582,0.12178742083546783,22050.556826059354,23723.808846679636,1673.2520206202826,435.0,250.0,R3_Run16_Run30_Run7_Run29,Run16.csv;Run30.csv;Run7.csv;Run29.csv
baseline_5d,LSTM,Run7.xlsx,27.86348533630371,0.1460976258160053,16237.361092966079,14533.749424829995,1703.6116681360836,261.0,250.0,R3_Run16_Run30_Run7_Run29,Run16.csv;Run30.csv;Run7.csv;Run29.csv
baseline_5d,1D-CNN,Run16.xlsx,22.555875778198242,0.20130461570891395,34792.49241708295,31328.193563571127,3464.29885351182,163.0,163.0,R3_Run16_Run30_Run7_Run29,Run16.csv;Run30.csv;Run7.csv;Run29.csv
baseline_5d,1D-CNN,Run29.xlsx,6.659536361694336,0.1514238216611334,18461.586689447027,20098.92064774445,1637.3339582974222,435.0,250.0,R3_Run16_Run30_Run7_Run29,Run16.csv;Run30.csv;Run7.csv;Run29.csv
baseline_5d,1D-CNN,Run30.xlsx,4.0513763427734375,0.0630941240004732,24112.275710418093,23723.808846679636,388.4668637384566,435.0,250.0,R3_Run16_Run30_Run7_Run29,Run16.csv;Run30.csv;Run7.csv;Run29.csv
baseline_5d,1D-CNN,Run7.xlsx,18.540281295776367,0.08551873153600646,15463.061887338825,14533.749424829995,929.3124625088294,261.0,250.0,R3_Run16_Run30_Run7_Run29,Run16.csv;Run30.csv;Run7.csv;Run29.csv
baseline_5d,Transformer,Run16.xlsx,6.489072322845459,0.14637849183261048,29269.46293049376,31328.193563571127,2058.730633077368,163.0,163.0,R3_Run16_Run30_Run7_Run29,Run16.csv;Run30.csv;Run7.csv;Run29.csv
baseline_5d,Transformer,Run29.xlsx,2.2528560161590576,0.05178897325260868,19624.062192424753,20098.92064774445,474.8584553196961,435.0,250.0,R3_Run16_Run30_Run7_Run29,Run16.csv;Run30.csv;Run7.csv;Run29.csv
baseline_5d,Transformer,Run30.xlsx,7.952014446258545,0.11811632786591741,22332.490815647823,23723.808846679636,1391.318031031813,435.0,250.0,R3_Run16_Run30_Run7_Run29,Run16.csv;Run30.csv;Run7.csv;Run29.csv
baseline_5d,Transformer,Run7.xlsx,17.254352569580078,0.09261806169730334,15145.717205233143,14533.749424829995,611.9677804031471,261.0,250.0,R3_Run16_Run30_Run7_Run29,Run16.csv;Run30.csv;Run7.csv;Run29.csv
R1_plus_slow,FNN,Run16.xlsx,18.38365936279297,0.1852087856405737,33387.565229018415,31328.193563571127,2059.3716654472883,163.0,163.0,R3_Run16_Run30_Run7_Run29,Run16.csv;Run30.csv;Run7.csv;Run29.csv
R1_plus_slow,FNN,Run29.xlsx,4.874913215637207,0.12354981339288607,19273.14141984395,20098.92064774445,825.7792279005007,435.0,250.0,R3_Run16_Run30_Run7_Run29,Run16.csv;Run30.csv;Run7.csv;Run29.csv
R1_plus_slow,FNN,Run30.xlsx,12.029444694519043,0.19970104814234466,25307.942526116698,23723.808846679636,1584.1336794370618,435.0,250.0,R3_Run16_Run30_Run7_Run29,Run16.csv;Run30.csv;Run7.csv;Run29.csv
R1_plus_slow,FNN,Run7.xlsx,6.535393238067627,0.008362007032824548,14407.407932610477,14533.749424829995,126.34149221951884,261.0,250.0,R3_Run16_Run30_Run7_Run29,Run16.csv;Run30.csv;Run7.csv;Run29.csv
R1_plus_slow,GRU,Run16.xlsx,3.469291925430298,0.10055955696872815,29785.532569518036,31328.193563571127,1542.6609940530907,163.0,163.0,R3_Run16_Run30_Run7_Run29,Run16.csv;Run30.csv;Run7.csv;Run29.csv
R1_plus_slow,GRU,Run29.xlsx,4.80875301361084,0.1007077245796768,19199.65885430848,20098.92064774445,899.2617934359696,435.0,250.0,R3_Run16_Run30_Run7_Run29,Run16.csv;Run30.csv;Run7.csv;Run29.csv
R1_plus_slow,GRU,Run30.xlsx,3.9201343059539795,0.05242414206159985,22889.86918339106,23723.808846679636,833.9396632885764,435.0,250.0,R3_Run16_Run30_Run7_Run29,Run16.csv;Run30.csv;Run7.csv;Run29.csv
R1_plus_slow,GRU,Run7.xlsx,9.575037002563477,0.009190233372462085,14616.047599012063,14533.749424829995,82.29817418206767,261.0,250.0,R3_Run16_Run30_Run7_Run29,Run16.csv;Run30.csv;Run7.csv;Run29.csv
R1_plus_slow,LSTM,Run16.xlsx,3.122591495513916,0.10267391845293934,29931.48486948836,31328.193563571127,1396.7086940827685,163.0,163.0,R3_Run16_Run30_Run7_Run29,Run16.csv;Run30.csv;Run7.csv;Run29.csv
R1_plus_slow,LSTM,Run29.xlsx,4.187891483306885,0.0841141893304359,20941.412171972555,20098.92064774445,842.4915242281058,435.0,250.0,R3_Run16_Run30_Run7_Run29,Run16.csv;Run30.csv;Run7.csv;Run29.csv
R1_plus_slow,LSTM,Run30.xlsx,1.8610059022903442,0.031385011524845824,23489.62257943528,23723.808846679636,234.1862672443567,435.0,250.0,R3_Run16_Run30_Run7_Run29,Run16.csv;Run30.csv;Run7.csv;Run29.csv
R1_plus_slow,LSTM,Run7.xlsx,13.055657386779785,0.03777555479695319,14887.532268657966,14533.749424829995,353.7828438279703,261.0,250.0,R3_Run16_Run30_Run7_Run29,Run16.csv;Run30.csv;Run7.csv;Run29.csv
R1_plus_slow,1D-CNN,Run16.xlsx,13.427888870239258,0.13461314440194547,32182.680348927584,31328.193563571127,854.4867853564574,163.0,163.0,R3_Run16_Run30_Run7_Run29,Run16.csv;Run30.csv;Run7.csv;Run29.csv
R1_plus_slow,1D-CNN,Run29.xlsx,2.4429469108581543,0.03794636506204923,20013.03231460021,20098.92064774445,85.88833314424119,435.0,250.0,R3_Run16_Run30_Run7_Run29,Run16.csv;Run30.csv;Run7.csv;Run29.csv
R1_plus_slow,1D-CNN,Run30.xlsx,11.895646095275879,0.20806586568524993,25804.1670331376,23723.808846679636,2080.3581864579646,435.0,250.0,R3_Run16_Run30_Run7_Run29,Run16.csv;Run30.csv;Run7.csv;Run29.csv
R1_plus_slow,1D-CNN,Run7.xlsx,26.934537887573242,0.3421292008337976,12925.461776341062,14533.749424829995,1608.287648488933,261.0,250.0,R3_Run16_Run30_Run7_Run29,Run16.csv;Run30.csv;Run7.csv;Run29.csv
R1_plus_slow,Transformer,Run16.xlsx,6.511679649353027,0.13486169845386278,29414.971881058464,31328.193563571127,1913.2216825126634,163.0,163.0,R3_Run16_Run30_Run7_Run29,Run16.csv;Run30.csv;Run7.csv;Run29.csv
R1_plus_slow,Transformer,Run29.xlsx,3.4985175132751465,0.04018400446587399,20377.08323587989,20098.92064774445,278.1625881354412,435.0,250.0,R3_Run16_Run30_Run7_Run29,Run16.csv;Run30.csv;Run7.csv;Run29.csv
R1_plus_slow,Transformer,Run30.xlsx,7.027026653289795,0.11691376160283432,22608.966924641005,23723.808846679636,1114.8419220386313,435.0,250.0,R3_Run16_Run30_Run7_Run29,Run16.csv;Run30.csv;Run7.csv;Run29.csv
R1_plus_slow,Transformer,Run7.xlsx,15.02488899230957,0.059839319609442075,14966.075939558626,14533.749424829995,432.3265147286311,261.0,250.0,R3_Run16_Run30_Run7_Run29,Run16.csv;Run30.csv;Run7.csv;Run29.csv
baseline_5d,FNN,Run16.xlsx,6.7408576011657715,0.048093154138860436,30366.37247077223,31328.193563571127,961.8210927988985,163.0,163.0,R3_Run16_Run30_Run8_Run29,Run16.csv;Run30.csv;Run8.csv;Run29.csv
baseline_5d,FNN,Run29.xlsx,12.816976547241211,0.27255786580694774,17458.80216164025,20098.92064774445,2640.1184861041984,435.0,250.0,R3_Run16_Run30_Run8_Run29,Run16.csv;Run30.csv;Run8.csv;Run29.csv
baseline_5d,FNN,Run30.xlsx,5.0178961753845215,0.03639573900898173,23331.523691769013,23723.808846679636,392.28515491062353,435.0,250.0,R3_Run16_Run30_Run8_Run29,Run16.csv;Run30.csv;Run8.csv;Run29.csv
baseline_5d,FNN,Run8.xlsx,2.0824036598205566,0.03846418115953689,40343.03707136574,41489.80405662315,1146.7669852574109,652.0,250.0,R3_Run16_Run30_Run8_Run29,Run16.csv;Run30.csv;Run8.csv;Run29.csv
baseline_5d,GRU,Run16.xlsx,5.7441229820251465,0.10340027496232926,29384.73597845952,31328.193563571127,1943.457585111606,163.0,163.0,R3_Run16_Run30_Run8_Run29,Run16.csv;Run30.csv;Run8.csv;Run29.csv
baseline_5d,GRU,Run29.xlsx,5.434223651885986,0.09017099909939064,19215.403951370565,20098.92064774445,883.5166963738848,435.0,250.0,R3_Run16_Run30_Run8_Run29,Run16.csv;Run30.csv;Run8.csv;Run29.csv
baseline_5d,GRU,Run30.xlsx,17.637798309326172,0.2179359635377257,20923.208989220067,23723.808846679636,2800.5998574595687,435.0,250.0,R3_Run16_Run30_Run8_Run29,Run16.csv;Run30.csv;Run8.csv;Run29.csv
baseline_5d,GRU,Run8.xlsx,6.340303421020508,0.1863054557501904,45787.576137701675,41489.80405662315,4297.772081078525,652.0,250.0,R3_Run16_Run30_Run8_Run29,Run16.csv;Run30.csv;Run8.csv;Run29.csv
baseline_5d,LSTM,Run16.xlsx,4.46669340133667,0.08498046984804927,29750.82550480475,31328.193563571127,1577.3680587663766,163.0,163.0,R3_Run16_Run30_Run8_Run29,Run16.csv;Run30.csv;Run8.csv;Run29.csv
baseline_5d,LSTM,Run29.xlsx,2.562021493911743,0.05036939243652844,19731.94159201849,20098.92064774445,366.97905572595846,435.0,250.0,R3_Run16_Run30_Run8_Run29,Run16.csv;Run30.csv;Run8.csv;Run29.csv
baseline_5d,LSTM,Run30.xlsx,9.578995704650879,0.13018645500941214,22043.303209220787,23723.808846679636,1680.5056374588494,435.0,250.0,R3_Run16_Run30_Run8_Run29,Run16.csv;Run30.csv;Run8.csv;Run29.csv
baseline_5d,LSTM,Run8.xlsx,3.66205096244812,0.07158286039063796,42612.759728833465,41489.80405662315,1122.9556722103152,652.0,250.0,R3_Run16_Run30_Run8_Run29,Run16.csv;Run30.csv;Run8.csv;Run29.csv
baseline_5d,1D-CNN,Run16.xlsx,3.603487014770508,0.040234944659730584,30737.724212371133,31328.193563571127,590.469351199994,163.0,163.0,R3_Run16_Run30_Run8_Run29,Run16.csv;Run30.csv;Run8.csv;Run29.csv
baseline_5d,1D-CNN,Run29.xlsx,3.352992296218872,0.05275788656835718,19738.10125702488,20098.92064774445,360.81939071957095,435.0,250.0,R3_Run16_Run30_Run8_Run29,Run16.csv;Run30.csv;Run8.csv;Run29.csv
baseline_5d,1D-CNN,Run30.xlsx,6.320457458496094,0.10117523504420485,22649.1964642272,23723.808846679636,1074.6123824524366,435.0,250.0,R3_Run16_Run30_Run8_Run29,Run16.csv;Run30.csv;Run8.csv;Run29.csv
baseline_5d,1D-CNN,Run8.xlsx,3.9276123046875,0.06616213476243239,43630.47307076121,41489.80405662315,2140.6690141380604,652.0,250.0,R3_Run16_Run30_Run8_Run29,Run16.csv;Run30.csv;Run8.csv;Run29.csv
baseline_5d,Transformer,Run16.xlsx,6.2320146560668945,0.13780559705632103,29217.58774584932,31328.193563571127,2110.6058177218074,163.0,163.0,R3_Run16_Run30_Run8_Run29,Run16.csv;Run30.csv;Run8.csv;Run29.csv
baseline_5d,Transformer,Run29.xlsx,3.101562738418579,0.05317459806049884,19605.7156523976,20098.92064774445,493.2049953468486,435.0,250.0,R3_Run16_Run30_Run8_Run29,Run16.csv;Run30.csv;Run8.csv;Run29.csv
baseline_5d,Transformer,Run30.xlsx,5.330440044403076,0.1076806981692723,22404.628795744135,23723.808846679636,1319.1800509355016,435.0,250.0,R3_Run16_Run30_Run8_Run29,Run16.csv;Run30.csv;Run8.csv;Run29.csv
baseline_5d,Transformer,Run8.xlsx,1.6928563117980957,0.11396177786894732,39234.890591466254,41489.80405662315,2254.9134651568966,652.0,250.0,R3_Run16_Run30_Run8_Run29,Run16.csv;Run30.csv;Run8.csv;Run29.csv
R1_plus_slow,FNN,Run16.xlsx,16.375320434570312,0.12930189133317951,33071.42883144699,31328.193563571127,1743.2352678758616,163.0,163.0,R3_Run16_Run30_Run8_Run29,Run16.csv;Run30.csv;Run8.csv;Run29.csv
R1_plus_slow,FNN,Run29.xlsx,2.621448516845703,0.037176883187219074,20135.14914686296,20098.92064774445,36.228499118511536,435.0,250.0,R3_Run16_Run30_Run8_Run29,Run16.csv;Run30.csv;Run8.csv;Run29.csv
R1_plus_slow,FNN,Run30.xlsx,15.768332481384277,0.2581509648274753,26038.9081115648,23723.808846679636,2315.0992648851643,435.0,250.0,R3_Run16_Run30_Run8_Run29,Run16.csv;Run30.csv;Run8.csv;Run29.csv
R1_plus_slow,FNN,Run8.xlsx,1.5890438556671143,0.12570502096371672,38800.69010029232,41489.80405662315,2689.1139563308316,652.0,250.0,R3_Run16_Run30_Run8_Run29,Run16.csv;Run30.csv;Run8.csv;Run29.csv
R1_plus_slow,GRU,Run16.xlsx,5.277553081512451,0.12280949044137578,29419.11963431537,31328.193563571127,1909.0739292557555,163.0,163.0,R3_Run16_Run30_Run8_Run29,Run16.csv;Run30.csv;Run8.csv;Run29.csv
R1_plus_slow,GRU,Run29.xlsx,3.1204283237457275,0.060415850721873256,19521.594591527355,20098.92064774445,577.3260562170944,435.0,250.0,R3_Run16_Run30_Run8_Run29,Run16.csv;Run30.csv;Run8.csv;Run29.csv
R1_plus_slow,GRU,Run30.xlsx,2.710033416748047,0.03232829579693291,23331.84220942884,23723.808846679636,391.96663725079634,435.0,250.0,R3_Run16_Run30_Run8_Run29,Run16.csv;Run30.csv;Run8.csv;Run29.csv
R1_plus_slow,GRU,Run8.xlsx,4.704052448272705,0.08520772516866215,42342.50083703588,41489.80405662315,852.6967804127271,652.0,250.0,R3_Run16_Run30_Run8_Run29,Run16.csv;Run30.csv;Run8.csv;Run29.csv
R1_plus_slow,LSTM,Run16.xlsx,7.899517059326172,0.10248138604089897,29544.410810547248,31328.193563571127,1783.7827530238792,163.0,163.0,R3_Run16_Run30_Run8_Run29,Run16.csv;Run30.csv;Run8.csv;Run29.csv
R1_plus_slow,LSTM,Run29.xlsx,5.456948280334473,0.10187352421731656,20845.310923278845,20098.92064774445,746.3902755343952,435.0,250.0,R3_Run16_Run30_Run8_Run29,Run16.csv;Run30.csv;Run8.csv;Run29.csv
R1_plus_slow,LSTM,Run30.xlsx,5.439713478088379,0.06301670812111664,22957.695401048168,23723.808846679636,766.1134456314685,435.0,250.0,R3_Run16_Run30_Run8_Run29,Run16.csv;Run30.csv;Run8.csv;Run29.csv
R1_plus_slow,LSTM,Run8.xlsx,5.269749641418457,0.144381960830698,44191.55704420117,41489.80405662315,2701.7529875780165,652.0,250.0,R3_Run16_Run30_Run8_Run29,Run16.csv;Run30.csv;Run8.csv;Run29.csv
R1_plus_slow,1D-CNN,Run16.xlsx,15.282881736755371,0.07665227094849524,33050.762161679195,31328.193563571127,1722.5685981080678,163.0,163.0,R3_Run16_Run30_Run8_Run29,Run16.csv;Run30.csv;Run8.csv;Run29.csv
R1_plus_slow,1D-CNN,Run29.xlsx,4.081083297729492,0.07000459036343995,19449.298337698914,20098.92064774445,649.6223100455354,435.0,250.0,R3_Run16_Run30_Run8_Run29,Run16.csv;Run30.csv;Run8.csv;Run29.csv
R1_plus_slow,1D-CNN,Run30.xlsx,9.376664161682129,0.15936590091436018,25184.18446962981,23723.808846679636,1460.3756229501741,435.0,250.0,R3_Run16_Run30_Run8_Run29,Run16.csv;Run30.csv;Run8.csv;Run29.csv
R1_plus_slow,1D-CNN,Run8.xlsx,3.8167953491210938,0.07450923923290637,43511.46838106833,41489.80405662315,2021.664324445177,652.0,250.0,R3_Run16_Run30_Run8_Run29,Run16.csv;Run30.csv;Run8.csv;Run29.csv
R1_plus_slow,Transformer,Run16.xlsx,3.004387617111206,0.08620495259959916,29952.1950568584,31328.193563571127,1375.9985067127272,163.0,163.0,R3_Run16_Run30_Run8_Run29,Run16.csv;Run30.csv;Run8.csv;Run29.csv
R1_plus_slow,Transformer,Run29.xlsx,2.8077049255371094,0.036623323862867166,20211.062796943428,20098.92064774445,112.14214919897859,435.0,250.0,R3_Run16_Run30_Run8_Run29,Run16.csv;Run30.csv;Run8.csv;Run29.csv
R1_plus_slow,Transformer,Run30.xlsx,2.180410146713257,0.03010536609290483,23494.30090665776,23723.808846679636,229.50794002187467,435.0,250.0,R3_Run16_Run30_Run8_Run29,Run16.csv;Run30.csv;Run8.csv;Run29.csv
R1_plus_slow,Transformer,Run8.xlsx,1.2834882736206055,0.028843188047362914,40330.66921271442,41489.80405662315,1159.1348439087305,652.0,250.0,R3_Run16_Run30_Run8_Run29,Run16.csv;Run30.csv;Run8.csv;Run29.csv
baseline_5d,FNN,Run16.xlsx,19.065092086791992,0.1829435013267423,32303.57024188226,31328.193563571127,975.3766783111314,163.0,163.0,R3_Run16_Run30_Run25_Run29,Run16.csv;Run30.csv;Run25.csv;Run29.csv
baseline_5d,FNN,Run25.xlsx,9.365067481994629,0.1858291776101745,21536.83436140157,22834.36330453385,1297.5289431322817,543.0,250.0,R3_Run16_Run30_Run25_Run29,Run16.csv;Run30.csv;Run25.csv;Run29.csv
baseline_5d,FNN,Run29.xlsx,3.7609617710113525,0.09958981364435276,18892.67877628505,20098.92064774445,1206.2418714593987,435.0,250.0,R3_Run16_Run30_Run25_Run29,Run16.csv;Run30.csv;Run25.csv;Run29.csv
baseline_5d,FNN,Run30.xlsx,14.281089782714844,0.1976556488245417,20843.73076512457,23723.808846679636,2880.078081555068,435.0,250.0,R3_Run16_Run30_Run25_Run29,Run16.csv;Run30.csv;Run25.csv;Run29.csv
baseline_5d,GRU,Run16.xlsx,4.013525009155273,0.0601494524470786,30223.923619476693,31328.193563571127,1104.2699440944343,163.0,163.0,R3_Run16_Run30_Run25_Run29,Run16.csv;Run30.csv;Run25.csv;Run29.csv
baseline_5d,GRU,Run25.xlsx,10.442770004272461,0.16215524062575784,21203.13929304133,22834.36330453385,1631.224011492519,543.0,250.0,R3_Run16_Run30_Run25_Run29,Run16.csv;Run30.csv;Run25.csv;Run29.csv
baseline_5d,GRU,Run29.xlsx,4.837594985961914,0.08181212928067622,19285.645733142013,20098.92064774445,813.2749146024362,435.0,250.0,R3_Run16_Run30_Run25_Run29,Run16.csv;Run30.csv;Run25.csv;Run29.csv
baseline_5d,GRU,Run30.xlsx,15.733453750610352,0.2047364444359138,21281.179139617994,23723.808846679636,2442.629707061642,435.0,250.0,R3_Run16_Run30_Run25_Run29,Run16.csv;Run30.csv;Run25.csv;Run29.csv
baseline_5d,LSTM,Run16.xlsx,7.059845447540283,0.11840984097830608,29294.22582778765,31328.193563571127,2033.967735783477,163.0,163.0,R3_Run16_Run30_Run25_Run29,Run16.csv;Run30.csv;Run25.csv;Run29.csv
baseline_5d,LSTM,Run25.xlsx,11.691065788269043,0.1747202531717598,21215.56195571324,22834.36330453385,1618.8013488206088,543.0,250.0,R3_Run16_Run30_Run25_Run29,Run16.csv;Run30.csv;Run25.csv;Run29.csv
baseline_5d,LSTM,Run29.xlsx,3.9914557933807373,0.07232771760533786,20880.665877478754,20098.92064774445,781.7452297343043,435.0,250.0,R3_Run16_Run30_Run25_Run29,Run16.csv;Run30.csv;Run25.csv;Run29.csv
baseline_5d,LSTM,Run30.xlsx,18.344085693359375,0.23928312143809313,20905.913481168936,23723.808846679636,2817.8953655107,435.0,250.0,R3_Run16_Run30_Run25_Run29,Run16.csv;Run30.csv;Run25.csv;Run29.csv
baseline_5d,1D-CNN,Run16.xlsx,16.895614624023438,0.21327937495245675,33413.28535403056,31328.193563571127,2085.0917904594316,163.0,163.0,R3_Run16_Run30_Run25_Run29,Run16.csv;Run30.csv;Run25.csv;Run29.csv
baseline_5d,1D-CNN,Run25.xlsx,6.83560037612915,0.08908328592952147,21966.33022023456,22834.36330453385,868.0330842992917,543.0,250.0,R3_Run16_Run30_Run25_Run29,Run16.csv;Run30.csv;Run25.csv;Run29.csv
baseline_5d,1D-CNN,Run29.xlsx,4.030707359313965,0.0802392313958117,19223.492379364077,20098.92064774445,875.4282683803722,435.0,250.0,R3_Run16_Run30_Run25_Run29,Run16.csv;Run30.csv;Run25.csv;Run29.csv
baseline_5d,1D-CNN,Run30.xlsx,8.948907852172852,0.16014422411932014,24809.96937154934,23723.808846679636,1086.1605248697051,435.0,250.0,R3_Run16_Run30_Run25_Run29,Run16.csv;Run30.csv;Run25.csv;Run29.csv
baseline_5d,Transformer,Run16.xlsx,3.7794089317321777,0.10349570889484395,29605.655443836786,31328.193563571127,1722.5381197343413,163.0,163.0,R3_Run16_Run30_Run25_Run29,Run16.csv;Run30.csv;Run25.csv;Run29.csv
baseline_5d,Transformer,Run25.xlsx,2.713937997817993,0.07905514163781482,22181.009828907892,22834.36330453385,653.3534756259578,543.0,250.0,R3_Run16_Run30_Run25_Run29,Run16.csv;Run30.csv;Run25.csv;Run29.csv
baseline_5d,Transformer,Run29.xlsx,2.4778125286102295,0.07998591569109893,19365.11917891708,20098.92064774445,733.8014688273688,435.0,250.0,R3_Run16_Run30_Run25_Run29,Run16.csv;Run30.csv;Run25.csv;Run29.csv
baseline_5d,Transformer,Run30.xlsx,7.271512031555176,0.11252206763328293,22283.38046023709,23723.808846679636,1440.4283864425452,435.0,250.0,R3_Run16_Run30_Run25_Run29,Run16.csv;Run30.csv;Run25.csv;Run29.csv
R1_plus_slow,FNN,Run16.xlsx,20.058521270751953,0.19993794592573697,33767.75832606424,31328.193563571127,2439.5647624931153,163.0,163.0,R3_Run16_Run30_Run25_Run29,Run16.csv;Run30.csv;Run25.csv;Run29.csv
R1_plus_slow,FNN,Run25.xlsx,2.7309441566467285,0.04828330914778547,22481.58712806357,22834.36330453385,352.7761764702809,543.0,250.0,R3_Run16_Run30_Run25_Run29,Run16.csv;Run30.csv;Run25.csv;Run29.csv
R1_plus_slow,FNN,Run29.xlsx,3.2004475593566895,0.04435556847953671,19743.441883907064,20098.92064774445,355.4787638373855,435.0,250.0,R3_Run16_Run30_Run25_Run29,Run16.csv;Run30.csv;Run25.csv;Run29.csv
R1_plus_slow,FNN,Run30.xlsx,13.434256553649902,0.228538812389237,25487.649256341138,23723.808846679636,1763.8404096615013,435.0,250.0,R3_Run16_Run30_Run25_Run29,Run16.csv;Run30.csv;Run25.csv;Run29.csv
R1_plus_slow,GRU,Run16.xlsx,4.013543128967285,0.09088251235503003,29971.643763554024,31328.193563571127,1356.5498000171028,163.0,163.0,R3_Run16_Run30_Run25_Run29,Run16.csv;Run30.csv;Run25.csv;Run29.csv
R1_plus_slow,GRU,Run25.xlsx,3.179154396057129,0.04635618545650473,22634.060631847697,22834.36330453385,200.30267268615353,543.0,250.0,R3_Run16_Run30_Run25_Run29,Run16.csv;Run30.csv;Run25.csv;Run29.csv
R1_plus_slow,GRU,Run29.xlsx,2.691035032272339,0.03402917121687487,20277.630497575377,20098.92064774445,178.70984983092785,435.0,250.0,R3_Run16_Run30_Run25_Run29,Run16.csv;Run30.csv;Run25.csv;Run29.csv
R1_plus_slow,GRU,Run30.xlsx,6.270381450653076,0.0821513067896521,22733.405423469863,23723.808846679636,990.4034232097729,435.0,250.0,R3_Run16_Run30_Run25_Run29,Run16.csv;Run30.csv;Run25.csv;Run29.csv
R1_plus_slow,LSTM,Run16.xlsx,3.0377840995788574,0.0879310232662507,30175.965383815506,31328.193563571127,1152.2281797556207,163.0,163.0,R3_Run16_Run30_Run25_Run29,Run16.csv;Run30.csv;Run25.csv;Run29.csv
R1_plus_slow,LSTM,Run25.xlsx,8.080620765686035,0.11779020163986513,21769.617801553137,22834.36330453385,1064.7455029807134,543.0,250.0,R3_Run16_Run30_Run25_Run29,Run16.csv;Run30.csv;Run25.csv;Run29.csv
R1_plus_slow,LSTM,Run29.xlsx,3.9129488468170166,0.06601008066303322,20865.89212145304,20098.92064774445,766.9714737085887,435.0,250.0,R3_Run16_Run30_Run25_Run29,Run16.csv;Run30.csv;Run25.csv;Run29.csv
R1_plus_slow,LSTM,Run30.xlsx,7.389537334442139,0.10042640202341312,22557.177771466744,23723.808846679636,1166.631075212892,435.0,250.0,R3_Run16_Run30_Run25_Run29,Run16.csv;Run30.csv;Run25.csv;Run29.csv
R1_plus_slow,1D-CNN,Run16.xlsx,17.23827362060547,0.1648476515699513,32952.7596066647,31328.193563571127,1624.566043093575,163.0,163.0,R3_Run16_Run30_Run25_Run29,Run16.csv;Run30.csv;Run25.csv;Run29.csv
R1_plus_slow,1D-CNN,Run25.xlsx,5.688668727874756,0.12825004649329155,24108.764777274362,22834.36330453385,1274.401472740512,543.0,250.0,R3_Run16_Run30_Run25_Run29,Run16.csv;Run30.csv;Run25.csv;Run29.csv
R1_plus_slow,1D-CNN,Run29.xlsx,3.433943510055542,0.07164584490571159,19645.726617351556,20098.92064774445,453.1940303928932,435.0,250.0,R3_Run16_Run30_Run25_Run29,Run16.csv;Run30.csv;Run25.csv;Run29.csv
R1_plus_slow,1D-CNN,Run30.xlsx,19.6571044921875,0.3173875892764858,27235.39887728423,23723.808846679636,3511.590030604595,435.0,250.0,R3_Run16_Run30_Run25_Run29,Run16.csv;Run30.csv;Run25.csv;Run29.csv
R1_plus_slow,Transformer,Run16.xlsx,15.988545417785645,0.23022122713542825,27927.099203141144,31328.193563571127,3401.0943604299828,163.0,163.0,R3_Run16_Run30_Run25_Run29,Run16.csv;Run30.csv;Run25.csv;Run29.csv
R1_plus_slow,Transformer,Run25.xlsx,3.437659740447998,0.041533383282343704,23258.216671834627,22834.36330453385,423.8533673007769,543.0,250.0,R3_Run16_Run30_Run25_Run29,Run16.csv;Run30.csv;Run25.csv;Run29.csv
R1_plus_slow,Transformer,Run29.xlsx,4.563016414642334,0.05920628047073421,20592.437040140165,20098.92064774445,493.51639239571523,435.0,250.0,R3_Run16_Run30_Run25_Run29,Run16.csv;Run30.csv;Run25.csv;Run29.csv
R1_plus_slow,Transformer,Run30.xlsx,15.023385047912598,0.18488913866928758,21483.4162186968,23723.808846679636,2240.3926279828374,435.0,250.0,R3_Run16_Run30_Run25_Run29,Run16.csv;Run30.csv;Run25.csv;Run29.csv
baseline_5d,FNN,Run16.xlsx,14.888212203979492,0.11126664570923239,33089.67160116569,31328.193563571127,1761.478037594563,163.0,163.0,R3_Run16_Run30_Run26_Run29,Run16.csv;Run30.csv;Run26.csv;Run29.csv
baseline_5d,FNN,Run26.xlsx,2.432630777359009,0.07637678477314454,51956.319850081614,50039.84023076369,1916.4796193179209,1087.0,250.0,R3_Run16_Run30_Run26_Run29,Run16.csv;Run30.csv;Run26.csv;Run29.csv
baseline_5d,FNN,Run29.xlsx,7.440655708312988,0.18343162352521528,18341.175187713277,20098.92064774445,1757.7454600311721,435.0,250.0,R3_Run16_Run30_Run26_Run29,Run16.csv;Run30.csv;Run26.csv;Run29.csv
baseline_5d,FNN,Run30.xlsx,4.181088924407959,0.042450803117915485,22956.069773013947,23723.808846679636,767.7390736656889,435.0,250.0,R3_Run16_Run30_Run26_Run29,Run16.csv;Run30.csv;Run26.csv;Run29.csv
baseline_5d,GRU,Run16.xlsx,6.63302755355835,0.0795713389002536,29735.593641681608,31328.193563571127,1592.5999218895195,163.0,163.0,R3_Run16_Run30_Run26_Run29,Run16.csv;Run30.csv;Run26.csv;Run29.csv
baseline_5d,GRU,Run26.xlsx,4.889014720916748,0.2639032842769238,56747.82636348767,50039.84023076369,6707.986132723978,1087.0,250.0,R3_Run16_Run30_Run26_Run29,Run16.csv;Run30.csv;Run26.csv;Run29.csv
baseline_5d,GRU,Run29.xlsx,3.263658285140991,0.06820300477511072,19466.935666969748,20098.92064774445,631.9849807747014,435.0,250.0,R3_Run16_Run30_Run26_Run29,Run16.csv;Run30.csv;Run26.csv;Run29.csv
baseline_5d,GRU,Run30.xlsx,15.40876579284668,0.1934053318824523,21222.84797028469,23723.808846679636,2500.9608763949473,435.0,250.0,R3_Run16_Run30_Run26_Run29,Run16.csv;Run30.csv;Run26.csv;Run29.csv
baseline_5d,LSTM,Run16.xlsx,3.9107112884521484,0.06111780744195278,30307.406543330468,31328.193563571127,1020.7870202406593,163.0,163.0,R3_Run16_Run30_Run26_Run29,Run16.csv;Run30.csv;Run26.csv;Run29.csv
baseline_5d,LSTM,Run26.xlsx,3.823333978652954,0.22441982812890418,55410.79744464156,50039.84023076369,5370.957213877868,1087.0,250.0,R3_Run16_Run30_Run26_Run29,Run16.csv;Run30.csv;Run26.csv;Run29.csv
baseline_5d,LSTM,Run29.xlsx,11.073992729187012,0.2036962416029371,18120.351905245698,20098.92064774445,1978.5687424987518,435.0,250.0,R3_Run16_Run30_Run26_Run29,Run16.csv;Run30.csv;Run26.csv;Run29.csv
baseline_5d,LSTM,Run30.xlsx,8.151459693908691,0.12507050134072503,22446.699751969918,23723.808846679636,1277.1090947097182,435.0,250.0,R3_Run16_Run30_Run26_Run29,Run16.csv;Run30.csv;Run26.csv;Run29.csv
baseline_5d,1D-CNN,Run16.xlsx,8.633734703063965,0.05036925865997733,30766.672338611195,31328.193563571127,561.5212249599317,163.0,163.0,R3_Run16_Run30_Run26_Run29,Run16.csv;Run30.csv;Run26.csv;Run29.csv
baseline_5d,1D-CNN,Run26.xlsx,4.05980920791626,0.13531289054108783,47277.39363211856,50039.84023076369,2762.4465986451323,1087.0,250.0,R3_Run16_Run30_Run26_Run29,Run16.csv;Run30.csv;Run26.csv;Run29.csv
baseline_5d,1D-CNN,Run29.xlsx,2.9868690967559814,0.06640101608963035,19727.758506423255,20098.92064774445,371.1621413211942,435.0,250.0,R3_Run16_Run30_Run26_Run29,Run16.csv;Run30.csv;Run26.csv;Run29.csv
baseline_5d,1D-CNN,Run30.xlsx,5.326484680175781,0.0956291580073231,22972.173175141772,23723.808846679636,751.6356715378643,435.0,250.0,R3_Run16_Run30_Run26_Run29,Run16.csv;Run30.csv;Run26.csv;Run29.csv
baseline_5d,Transformer,Run16.xlsx,8.313255310058594,0.17493699864873075,29238.509307516615,31328.193563571127,2089.684256054512,163.0,163.0,R3_Run16_Run30_Run26_Run29,Run16.csv;Run30.csv;Run26.csv;Run29.csv
baseline_5d,Transformer,Run26.xlsx,1.6973984241485596,0.036620316677210885,50405.9664736253,50039.84023076369,366.1262428616101,1087.0,250.0,R3_Run16_Run30_Run26_Run29,Run16.csv;Run30.csv;Run26.csv;Run29.csv
baseline_5d,Transformer,Run29.xlsx,2.182979106903076,0.05262613869152466,19609.85920854435,20098.92064774445,489.0614392001007,435.0,250.0,R3_Run16_Run30_Run26_Run29,Run16.csv;Run30.csv;Run26.csv;Run29.csv
baseline_5d,Transformer,Run30.xlsx,17.4279727935791,0.24260557470202362,20916.012214031,23723.808846679636,2807.796632648635,435.0,250.0,R3_Run16_Run30_Run26_Run29,Run16.csv;Run30.csv;Run26.csv;Run29.csv
R1_plus_slow,FNN,Run16.xlsx,15.791007995605469,0.15681477576165298,32849.19915912236,31328.193563571127,1521.0055955512362,163.0,163.0,R3_Run16_Run30_Run26_Run29,Run16.csv;Run30.csv;Run26.csv;Run29.csv
R1_plus_slow,FNN,Run26.xlsx,2.2184159755706787,0.049141810627797655,51488.3449178757,50039.84023076369,1448.5046871120066,1087.0,250.0,R3_Run16_Run30_Run26_Run29,Run16.csv;Run30.csv;Run26.csv;Run29.csv
R1_plus_slow,FNN,Run29.xlsx,3.9550347328186035,0.1184642524352728,19156.949435643342,20098.92064774445,941.9712121011071,435.0,250.0,R3_Run16_Run30_Run26_Run29,Run16.csv;Run30.csv;Run26.csv;Run29.csv
R1_plus_slow,FNN,Run30.xlsx,14.61427116394043,0.2505094423961043,25794.126784372627,23723.808846679636,2070.317937692991,435.0,250.0,R3_Run16_Run30_Run26_Run29,Run16.csv;Run30.csv;Run26.csv;Run29.csv
R1_plus_slow,GRU,Run16.xlsx,3.943183660507202,0.10966892195102582,29735.04688771627,31328.193563571127,1593.1466758548559,163.0,163.0,R3_Run16_Run30_Run26_Run29,Run16.csv;Run30.csv;Run26.csv;Run29.csv
R1_plus_slow,GRU,Run26.xlsx,3.4036471843719482,0.22369800363596157,55898.796568828446,50039.84023076369,5858.956338064752,1087.0,250.0,R3_Run16_Run30_Run26_Run29,Run16.csv;Run30.csv;Run26.csv;Run29.csv
R1_plus_slow,GRU,Run29.xlsx,3.8070991039276123,0.060604641009157904,20690.437556049426,20098.92064774445,591.5169083049768,435.0,250.0,R3_Run16_Run30_Run26_Run29,Run16.csv;Run30.csv;Run26.csv;Run29.csv
R1_plus_slow,GRU,Run30.xlsx,5.1944732666015625,0.06336799629955835,22871.15911280102,23723.808846679636,852.6497338786176,435.0,250.0,R3_Run16_Run30_Run26_Run29,Run16.csv;Run30.csv;Run26.csv;Run29.csv
R1_plus_slow,LSTM,Run16.xlsx,6.127989292144775,0.11188838207525369,29571.7353541449,31328.193563571127,1756.458209426226,163.0,163.0,R3_Run16_Run30_Run26_Run29,Run16.csv;Run30.csv;Run26.csv;Run29.csv
R1_plus_slow,LSTM,Run26.xlsx,1.9631603956222534,0.1545326479640355,53217.654857051035,50039.84023076369,3177.8146262873415,1087.0,250.0,R3_Run16_Run30_Run26_Run29,Run16.csv;Run30.csv;Run26.csv;Run29.csv
R1_plus_slow,LSTM,Run29.xlsx,5.195729732513428,0.09451841697789008,20663.849686525922,20098.92064774445,564.9290387814726,435.0,250.0,R3_Run16_Run30_Run26_Run29,Run16.csv;Run30.csv;Run26.csv;Run29.csv
R1_plus_slow,LSTM,Run30.xlsx,5.907702922821045,0.08174859035573674,22888.141022606676,23723.808846679636,835.6678240729598,435.0,250.0,R3_Run16_Run30_Run26_Run29,Run16.csv;Run30.csv;Run26.csv;Run29.csv
R1_plus_slow,1D-CNN,Run16.xlsx,9.7487154006958,0.03006193226756506,31910.512308477002,31328.193563571127,582.3187449058751,163.0,163.0,R3_Run16_Run30_Run26_Run29,Run16.csv;Run30.csv;Run26.csv;Run29.csv
R1_plus_slow,1D-CNN,Run26.xlsx,3.099731206893921,0.14068279138903395,55362.401151334976,50039.84023076369,5322.560920571283,1087.0,250.0,R3_Run16_Run30_Run26_Run29,Run16.csv;Run30.csv;Run26.csv;Run29.csv
R1_plus_slow,1D-CNN,Run29.xlsx,5.847808361053467,0.12781181720377968,21152.50812893587,20098.92064774445,1053.5874811914218,435.0,250.0,R3_Run16_Run30_Run26_Run29,Run16.csv;Run30.csv;Run26.csv;Run29.csv
R1_plus_slow,1D-CNN,Run30.xlsx,12.086137771606445,0.20980560648085736,25783.449558678494,23723.808846679636,2059.640711998858,435.0,250.0,R3_Run16_Run30_Run26_Run29,Run16.csv;Run30.csv;Run26.csv;Run29.csv
R1_plus_slow,Transformer,Run16.xlsx,4.36820125579834,0.1109896194868786,29787.804839200773,31328.193563571127,1540.3887243703539,163.0,163.0,R3_Run16_Run30_Run26_Run29,Run16.csv;Run30.csv;Run26.csv;Run29.csv
R1_plus_slow,Transformer,Run26.xlsx,1.3579002618789673,0.04586274253160522,49264.47166346679,50039.84023076369,775.3685672969004,1087.0,250.0,R3_Run16_Run30_Run26_Run29,Run16.csv;Run30.csv;Run26.csv;Run29.csv
R1_plus_slow,Transformer,Run29.xlsx,4.412986755371094,0.047370862653909024,19854.206042601363,20098.92064774445,244.71460514308637,435.0,250.0,R3_Run16_Run30_Run26_Run29,Run16.csv;Run30.csv;Run26.csv;Run29.csv
R1_plus_slow,Transformer,Run30.xlsx,1.8519833087921143,0.03266975374353623,23434.964812152535,23723.808846679636,288.84403452710103,435.0,250.0,R3_Run16_Run30_Run26_Run29,Run16.csv;Run30.csv;Run26.csv;Run29.csv
baseline_5d,FNN,Run16.xlsx,15.994828224182129,0.18175884685893282,33695.19495616275,31328.193563571127,2367.001392591621,163.0,163.0,R3_Run16_Run30_Run6_Run29,Run16.csv;Run30.csv;Run6.csv;Run29.csv
baseline_5d,FNN,Run29.xlsx,13.536528587341309,0.24160982343796059,17305.300254860158,20098.92064774445,2793.6203928842915,435.0,250.0,R3_Run16_Run30_Run6_Run29,Run16.csv;Run30.csv;Run6.csv;Run29.csv
baseline_5d,FNN,Run30.xlsx,10.96094036102295,0.19299618090617401,21558.63169378553,23723.808846679636,2165.1771528941063,435.0,250.0,R3_Run16_Run30_Run6_Run29,Run16.csv;Run30.csv;Run6.csv;Run29.csv
baseline_5d,FNN,Run6.xlsx,15.803963661193848,0.48906460400501756,28738.778836045927,37604.83980051039,8866.060964464461,652.0,250.0,R3_Run16_Run30_Run6_Run29,Run16.csv;Run30.csv;Run6.csv;Run29.csv
baseline_5d,GRU,Run16.xlsx,4.298089027404785,0.10615869533527757,29550.231303183704,31328.193563571127,1777.9622603874232,163.0,163.0,R3_Run16_Run30_Run6_Run29,Run16.csv;Run30.csv;Run6.csv;Run29.csv
baseline_5d,GRU,Run29.xlsx,2.592226982116699,0.03599797985160726,20072.5979531794,20098.92064774445,26.32269456504946,435.0,250.0,R3_Run16_Run30_Run6_Run29,Run16.csv;Run30.csv;Run6.csv;Run29.csv
baseline_5d,GRU,Run30.xlsx,18.176767349243164,0.23115883738837423,20788.912959367786,23723.808846679636,2934.89588731185,435.0,250.0,R3_Run16_Run30_Run6_Run29,Run16.csv;Run30.csv;Run6.csv;Run29.csv
baseline_5d,GRU,Run6.xlsx,7.20713472366333,0.2484671683501997,33167.20779917126,37604.83980051039,4437.6320013391305,652.0,250.0,R3_Run16_Run30_Run6_Run29,Run16.csv;Run30.csv;Run6.csv;Run29.csv
baseline_5d,LSTM,Run16.xlsx,4.824410915374756,0.05612081896685336,30401.899866994343,31328.193563571127,926.293696576784,163.0,163.0,R3_Run16_Run30_Run6_Run29,Run16.csv;Run30.csv;Run6.csv;Run29.csv
baseline_5d,LSTM,Run29.xlsx,3.6824774742126465,0.0576513913951851,19715.32042852762,20098.92064774445,383.60021921683074,435.0,250.0,R3_Run16_Run30_Run6_Run29,Run16.csv;Run30.csv;Run6.csv;Run29.csv
baseline_5d,LSTM,Run30.xlsx,7.336929798126221,0.10599850655835188,22320.9417845123,23723.808846679636,1402.8670621673373,435.0,250.0,R3_Run16_Run30_Run6_Run29,Run16.csv;Run30.csv;Run6.csv;Run29.csv
baseline_5d,LSTM,Run6.xlsx,6.108065128326416,0.23497135747950448,33225.63123926641,37604.83980051039,4379.208561243977,652.0,250.0,R3_Run16_Run30_Run6_Run29,Run16.csv;Run30.csv;Run6.csv;Run29.csv
baseline_5d,1D-CNN,Run16.xlsx,24.91434669494629,0.31915091256974637,35249.49183560399,31328.193563571127,3921.2982720328655,163.0,163.0,R3_Run16_Run30_Run6_Run29,Run16.csv;Run30.csv;Run6.csv;Run29.csv
baseline_5d,1D-CNN,Run29.xlsx,7.832098960876465,0.14550757505430853,19038.5176891463,20098.92064774445,1060.402958598148,435.0,250.0,R3_Run16_Run30_Run6_Run29,Run16.csv;Run30.csv;Run6.csv;Run29.csv
baseline_5d,1D-CNN,Run30.xlsx,5.557745456695557,0.047201074052688044,23663.651818933966,23723.808846679636,60.15702774567035,435.0,250.0,R3_Run16_Run30_Run6_Run29,Run16.csv;Run30.csv;Run6.csv;Run29.csv
baseline_5d,1D-CNN,Run6.xlsx,5.578662872314453,0.05616113308595217,38399.27581885093,37604.83980051039,794.4360183405443,652.0,250.0,R3_Run16_Run30_Run6_Run29,Run16.csv;Run30.csv;Run6.csv;Run29.csv
baseline_5d,Transformer,Run16.xlsx,3.1961581707000732,0.10088908625986642,29819.74318831438,31328.193563571127,1508.450375256747,163.0,163.0,R3_Run16_Run30_Run6_Run29,Run16.csv;Run30.csv;Run6.csv;Run29.csv
baseline_5d,Transformer,Run29.xlsx,2.825521945953369,0.04737599215289038,19718.459574749257,20098.92064774445,380.4610729951928,435.0,250.0,R3_Run16_Run30_Run6_Run29,Run16.csv;Run30.csv;Run6.csv;Run29.csv
baseline_5d,Transformer,Run30.xlsx,15.009222984313965,0.22349493677742427,21160.497638597113,23723.808846679636,2563.311208082523,435.0,250.0,R3_Run16_Run30_Run6_Run29,Run16.csv;Run30.csv;Run6.csv;Run29.csv
baseline_5d,Transformer,Run6.xlsx,1.894205927848816,0.1537519811613066,34746.90306148041,37604.83980051039,2857.9367390299813,652.0,250.0,R3_Run16_Run30_Run6_Run29,Run16.csv;Run30.csv;Run6.csv;Run29.csv
R1_plus_slow,FNN,Run16.xlsx,16.34312629699707,0.13851687084050926,32872.343156394134,31328.193563571127,1544.149592823007,163.0,163.0,R3_Run16_Run30_Run6_Run29,Run16.csv;Run30.csv;Run6.csv;Run29.csv
R1_plus_slow,FNN,Run29.xlsx,3.29581618309021,0.0831300523762882,19661.029111700256,20098.92064774445,437.89153604419334,435.0,250.0,R3_Run16_Run30_Run6_Run29,Run16.csv;Run30.csv;Run6.csv;Run29.csv
R1_plus_slow,FNN,Run30.xlsx,12.19926643371582,0.19266582674748753,25263.72002221954,23723.808846679636,1539.9111755399026,435.0,250.0,R3_Run16_Run30_Run6_Run29,Run16.csv;Run30.csv;Run6.csv;Run29.csv
R1_plus_slow,FNN,Run6.xlsx,4.399230003356934,0.04496849031400005,37786.65249516308,37604.83980051039,181.81269465268997,652.0,250.0,R3_Run16_Run30_Run6_Run29,Run16.csv;Run30.csv;Run6.csv;Run29.csv
R1_plus_slow,GRU,Run16.xlsx,2.1578972339630127,0.054312893329387484,30578.67465285112,31328.193563571127,749.5189107200058,163.0,163.0,R3_Run16_Run30_Run6_Run29,Run16.csv;Run30.csv;Run6.csv;Run29.csv
R1_plus_slow,GRU,Run29.xlsx,3.2226815223693848,0.037787486239047714,20040.163676789187,20098.92064774445,58.75697095526266,435.0,250.0,R3_Run16_Run30_Run6_Run29,Run16.csv;Run30.csv;Run6.csv;Run29.csv
R1_plus_slow,GRU,Run30.xlsx,6.238533973693848,0.06641631810010667,22931.79197670662,23723.808846679636,792.0168699730166,435.0,250.0,R3_Run16_Run30_Run6_Run29,Run16.csv;Run30.csv;Run6.csv;Run29.csv
R1_plus_slow,GRU,Run6.xlsx,5.893770217895508,0.1573369039520662,34499.24501315078,37604.83980051039,3105.5947873596087,652.0,250.0,R3_Run16_Run30_Run6_Run29,Run16.csv;Run30.csv;Run6.csv;Run29.csv
R1_plus_slow,LSTM,Run16.xlsx,3.1929471492767334,0.04294435033269365,30739.511912523987,31328.193563571127,588.6816510471399,163.0,163.0,R3_Run16_Run30_Run6_Run29,Run16.csv;Run30.csv;Run6.csv;Run29.csv
R1_plus_slow,LSTM,Run29.xlsx,3.9661073684692383,0.040044221059124405,20572.51710239208,20098.92064774445,473.5964546476316,435.0,250.0,R3_Run16_Run30_Run6_Run29,Run16.csv;Run30.csv;Run6.csv;Run29.csv
R1_plus_slow,LSTM,Run30.xlsx,3.8688507080078125,0.046628437586122055,23097.94998891322,23723.808846679636,625.8588577664159,435.0,250.0,R3_Run16_Run30_Run6_Run29,Run16.csv;Run30.csv;Run6.csv;Run29.csv
R1_plus_slow,LSTM,Run6.xlsx,3.7553765773773193,0.11123064689579452,34968.05895744912,37604.83980051039,2636.7808430612713,652.0,250.0,R3_Run16_Run30_Run6_Run29,Run16.csv;Run30.csv;Run6.csv;Run29.csv
R1_plus_slow,1D-CNN,Run16.xlsx,14.829906463623047,0.13381432817685532,32769.83605569809,31328.193563571127,1441.6424921269645,163.0,163.0,R3_Run16_Run30_Run6_Run29,Run16.csv;Run30.csv;Run6.csv;Run29.csv
R1_plus_slow,1D-CNN,Run29.xlsx,5.438416957855225,0.08120462359235621,19342.789758790303,20098.92064774445,756.1308889541469,435.0,250.0,R3_Run16_Run30_Run6_Run29,Run16.csv;Run30.csv;Run6.csv;Run29.csv
R1_plus_slow,1D-CNN,Run30.xlsx,11.217144966125488,0.21187039996392057,25869.394627050424,23723.808846679636,2145.5857803707877,435.0,250.0,R3_Run16_Run30_Run6_Run29,Run16.csv;Run30.csv;Run6.csv;Run29.csv
R1_plus_slow,1D-CNN,Run6.xlsx,2.003690242767334,0.03495324640655605,37039.33745163188,37604.83980051039,565.5023488785082,652.0,250.0,R3_Run16_Run30_Run6_Run29,Run16.csv;Run30.csv;Run6.csv;Run29.csv
R1_plus_slow,Transformer,Run16.xlsx,2.4900312423706055,0.08115957752636738,30179.680841398214,31328.193563571127,1148.5127221729126,163.0,163.0,R3_Run16_Run30_Run6_Run29,Run16.csv;Run30.csv;Run6.csv;Run29.csv
R1_plus_slow,Transformer,Run29.xlsx,7.571086406707764,0.13299932070928108,21092.27007873577,20098.92064774445,993.3494309913222,435.0,250.0,R3_Run16_Run30_Run6_Run29,Run16.csv;Run30.csv;Run6.csv;Run29.csv
R1_plus_slow,Transformer,Run30.xlsx,7.614333152770996,0.09812505998516267,22668.515927069704,23723.808846679636,1055.2929196099321,435.0,250.0,R3_Run16_Run30_Run6_Run29,Run16.csv;Run30.csv;Run6.csv;Run29.csv
R1_plus_slow,Transformer,Run6.xlsx,2.314332962036133,0.08369874089832567,35441.576792006876,37604.83980051039,2163.2630085035125,652.0,250.0,R3_Run16_Run30_Run6_Run29,Run16.csv;Run30.csv;Run6.csv;Run29.csv
baseline_5d,FNN,Run15.xlsx,65.65532684326172,0.5077406610107524,29574.267966570897,22894.62099053632,6679.646976034575,326.0,250.0,R3_Run15_Run30_Run7_Run29,Run15.csv;Run30.csv;Run7.csv;Run29.csv
baseline_5d,FNN,Run29.xlsx,6.4018874168396,0.13610254852611225,18600.215336453042,20098.92064774445,1498.7053112914073,435.0,250.0,R3_Run15_Run30_Run7_Run29,Run15.csv;Run30.csv;Run7.csv;Run29.csv
baseline_5d,FNN,Run30.xlsx,12.662642478942871,0.19831293811313835,21887.27213291237,23723.808846679636,1836.5367137672656,435.0,250.0,R3_Run15_Run30_Run7_Run29,Run15.csv;Run30.csv;Run7.csv;Run29.csv
baseline_5d,FNN,Run7.xlsx,35.38582992553711,0.3758084529443356,12160.569970538245,14533.749424829995,2373.1794542917505,261.0,250.0,R3_Run15_Run30_Run7_Run29,Run15.csv;Run30.csv;Run7.csv;Run29.csv
baseline_5d,GRU,Run15.xlsx,25.939504623413086,0.15379971709900872,24413.510881493556,22894.62099053632,1518.8898909572345,326.0,250.0,R3_Run15_Run30_Run7_Run29,Run15.csv;Run30.csv;Run7.csv;Run29.csv
baseline_5d,GRU,Run29.xlsx,3.154259204864502,0.04069348707199443,19931.96083559016,20098.92064774445,166.95981215429128,435.0,250.0,R3_Run15_Run30_Run7_Run29,Run15.csv;Run30.csv;Run7.csv;Run29.csv
baseline_5d,GRU,Run30.xlsx,13.388236045837402,0.1848344005219186,21497.52627008459,23723.808846679636,2226.2825765950474,435.0,250.0,R3_Run15_Run30_Run7_Run29,Run15.csv;Run30.csv;Run7.csv;Run29.csv
baseline_5d,GRU,Run7.xlsx,8.843098640441895,0.04007041376539214,14685.22405491054,14533.749424829995,151.47463008054547,261.0,250.0,R3_Run15_Run30_Run7_Run29,Run15.csv;Run30.csv;Run7.csv;Run29.csv
baseline_5d,LSTM,Run15.xlsx,42.89910888671875,0.2846027882110612,26772.563234255736,22894.62099053632,3877.9422437194153,326.0,250.0,R3_Run15_Run30_Run7_Run29,Run15.csv;Run30.csv;Run7.csv;Run29.csv
baseline_5d,LSTM,Run29.xlsx,2.8426575660705566,0.039932494309585086,20250.20115098483,20098.92064774445,151.28050324038122,435.0,250.0,R3_Run15_Run30_Run7_Run29,Run15.csv;Run30.csv;Run7.csv;Run29.csv
baseline_5d,LSTM,Run30.xlsx,16.7698917388916,0.2193055593262228,20921.844884985232,23723.808846679636,2801.963961694404,435.0,250.0,R3_Run15_Run30_Run7_Run29,Run15.csv;Run30.csv;Run7.csv;Run29.csv
baseline_5d,LSTM,Run7.xlsx,5.642783164978027,0.04097366750369401,14353.525822698432,14533.749424829995,180.2236021315639,261.0,250.0,R3_Run15_Run30_Run7_Run29,Run15.csv;Run30.csv;Run7.csv;Run29.csv
baseline_5d,1D-CNN,Run15.xlsx,66.4814453125,0.5311620079777435,29481.404895762782,22894.62099053632,6586.783905226461,326.0,250.0,R3_Run15_Run30_Run7_Run29,Run15.csv;Run30.csv;Run7.csv;Run29.csv
baseline_5d,1D-CNN,Run29.xlsx,5.1135993003845215,0.0759084395644037,19094.61992343082,20098.92064774445,1004.3007243136308,435.0,250.0,R3_Run15_Run30_Run7_Run29,Run15.csv;Run30.csv;Run7.csv;Run29.csv
baseline_5d,1D-CNN,Run30.xlsx,9.60521411895752,0.055507193716998075,22701.982255184666,23723.808846679636,1021.8265914949698,435.0,250.0,R3_Run15_Run30_Run7_Run29,Run15.csv;Run30.csv;Run7.csv;Run29.csv
baseline_5d,1D-CNN,Run7.xlsx,11.060869216918945,0.1230447068892617,14037.89410544823,14533.749424829995,495.8553193817661,261.0,250.0,R3_Run15_Run30_Run7_Run29,Run15.csv;Run30.csv;Run7.csv;Run29.csv
baseline_5d,Transformer,Run15.xlsx,41.79281234741211,0.2799307077784847,25921.385718602265,22894.62099053632,3026.764728065944,326.0,250.0,R3_Run15_Run30_Run7_Run29,Run15.csv;Run30.csv;Run7.csv;Run29.csv
baseline_5d,Transformer,Run29.xlsx,2.8620970249176025,0.04463527531175482,19797.746102977857,20098.92064774445,301.1745447665926,435.0,250.0,R3_Run15_Run30_Run7_Run29,Run15.csv;Run30.csv;Run7.csv;Run29.csv
baseline_5d,Transformer,Run30.xlsx,6.210278034210205,0.11084578861259066,22368.28498735682,23723.808846679636,1355.5238593228169,435.0,250.0,R3_Run15_Run30_Run7_Run29,Run15.csv;Run30.csv;Run7.csv;Run29.csv
baseline_5d,Transformer,Run7.xlsx,5.4736456871032715,0.02710499794445576,14306.21769103641,14533.749424829995,227.53173379358486,261.0,250.0,R3_Run15_Run30_Run7_Run29,Run15.csv;Run30.csv;Run7.csv;Run29.csv
R1_plus_slow,FNN,Run15.xlsx,163.52203369140625,0.8176379504586276,13627.389121771264,22894.62099053632,9267.231868765057,326.0,250.0,R3_Run15_Run30_Run7_Run29,Run15.csv;Run30.csv;Run7.csv;Run29.csv
R1_plus_slow,FNN,Run29.xlsx,2.324460744857788,0.04337867452509566,19948.204139638918,20098.92064774445,150.71650810553183,435.0,250.0,R3_Run15_Run30_Run7_Run29,Run15.csv;Run30.csv;Run7.csv;Run29.csv
R1_plus_slow,FNN,Run30.xlsx,16.87282943725586,0.2744593455777048,26099.123897029694,23723.808846679636,2375.3150503500583,435.0,250.0,R3_Run15_Run30_Run7_Run29,Run15.csv;Run30.csv;Run7.csv;Run29.csv
R1_plus_slow,FNN,Run7.xlsx,20.065263748168945,0.08400491970934984,15510.367985058101,14533.749424829995,976.6185602281057,261.0,250.0,R3_Run15_Run30_Run7_Run29,Run15.csv;Run30.csv;Run7.csv;Run29.csv
R1_plus_slow,GRU,Run15.xlsx,41.229915618896484,0.26593646820383227,25855.081585968106,22894.62099053632,2960.460595431785,326.0,250.0,R3_Run15_Run30_Run7_Run29,Run15.csv;Run30.csv;Run7.csv;Run29.csv
R1_plus_slow,GRU,Run29.xlsx,2.9502391815185547,0.0399179534563382,20491.812135245946,20098.92064774445,392.89148750149616,435.0,250.0,R3_Run15_Run30_Run7_Run29,Run15.csv;Run30.csv;Run7.csv;Run29.csv
R1_plus_slow,GRU,Run30.xlsx,5.7242841720581055,0.07283705764165985,22778.572365390333,23723.808846679636,945.2364812893029,435.0,250.0,R3_Run15_Run30_Run7_Run29,Run15.csv;Run30.csv;Run7.csv;Run29.csv
R1_plus_slow,GRU,Run7.xlsx,13.56553840637207,0.045185183494164824,14922.571518447783,14533.749424829995,388.8220936177877,261.0,250.0,R3_Run15_Run30_Run7_Run29,Run15.csv;Run30.csv;Run7.csv;Run29.csv
R1_plus_slow,LSTM,Run15.xlsx,11.19721794128418,0.05522438318843316,22255.5790110782,22894.62099053632,639.0419794581212,326.0,250.0,R3_Run15_Run30_Run7_Run29,Run15.csv;Run30.csv;Run7.csv;Run29.csv
R1_plus_slow,LSTM,Run29.xlsx,3.1989223957061768,0.03554136104036975,20379.79630033968,20098.92064774445,280.87565259523035,435.0,250.0,R3_Run15_Run30_Run7_Run29,Run15.csv;Run30.csv;Run7.csv;Run29.csv
R1_plus_slow,LSTM,Run30.xlsx,5.805430889129639,0.08508873025110085,22819.10935198058,23723.808846679636,904.6994946990562,435.0,250.0,R3_Run15_Run30_Run7_Run29,Run15.csv;Run30.csv;Run7.csv;Run29.csv
R1_plus_slow,LSTM,Run7.xlsx,7.832016944885254,0.01427386867306246,14489.868910782117,14533.749424829995,43.88051404787802,261.0,250.0,R3_Run15_Run30_Run7_Run29,Run15.csv;Run30.csv;Run7.csv;Run29.csv
R1_plus_slow,1D-CNN,Run15.xlsx,68.75028228759766,0.47208847210543126,17740.82505666987,22894.62099053632,5153.795933866451,326.0,250.0,R3_Run15_Run30_Run7_Run29,Run15.csv;Run30.csv;Run7.csv;Run29.csv
R1_plus_slow,1D-CNN,Run29.xlsx,3.8444674015045166,0.05902834929967634,19497.876255520256,20098.92064774445,601.0443922241939,435.0,250.0,R3_Run15_Run30_Run7_Run29,Run15.csv;Run30.csv;Run7.csv;Run29.csv
R1_plus_slow,1D-CNN,Run30.xlsx,19.93263053894043,0.35820864083560505,27353.368602909195,23723.808846679636,3629.559756229559,435.0,250.0,R3_Run15_Run30_Run7_Run29,Run15.csv;Run30.csv;Run7.csv;Run29.csv
R1_plus_slow,1D-CNN,Run7.xlsx,23.140766143798828,0.14252847546003472,15637.567287741736,14533.749424829995,1103.817862911741,261.0,250.0,R3_Run15_Run30_Run7_Run29,Run15.csv;Run30.csv;Run7.csv;Run29.csv
R1_plus_slow,Transformer,Run15.xlsx,49.13566970825195,0.35158889019084855,26402.37279187054,22894.62099053632,3507.7518013342196,326.0,250.0,R3_Run15_Run30_Run7_Run29,Run15.csv;Run30.csv;Run7.csv;Run29.csv
R1_plus_slow,Transformer,Run29.xlsx,4.833928108215332,0.04974905015482778,20193.99974736713,20098.92064774445,95.07909962267877,435.0,250.0,R3_Run15_Run30_Run7_Run29,Run15.csv;Run30.csv;Run7.csv;Run29.csv
R1_plus_slow,Transformer,Run30.xlsx,29.231855392456055,0.3546299217314177,20207.475626210296,23723.808846679636,3516.3332204693397,435.0,250.0,R3_Run15_Run30_Run7_Run29,Run15.csv;Run30.csv;Run7.csv;Run29.csv
R1_plus_slow,Transformer,Run7.xlsx,5.742255687713623,0.11984314692447454,13802.938179606123,14533.749424829995,730.8112452238729,261.0,250.0,R3_Run15_Run30_Run7_Run29,Run15.csv;Run30.csv;Run7.csv;Run29.csv
baseline_5d,FNN,Run15.xlsx,70.13066101074219,0.6174929146732362,33004.893108621414,22894.62099053632,10110.272118085093,326.0,250.0,R3_Run15_Run30_Run25_Run29,Run15.csv;Run30.csv;Run25.csv;Run29.csv
baseline_5d,FNN,Run25.xlsx,7.542747497558594,0.1887327876770291,21079.39461851609,22834.36330453385,1754.9686860177608,543.0,250.0,R3_Run15_Run30_Run25_Run29,Run15.csv;Run30.csv;Run25.csv;Run29.csv
baseline_5d,FNN,Run29.xlsx,5.535421371459961,0.07766609318399753,20889.284450721396,20098.92064774445,790.3638029769463,435.0,250.0,R3_Run15_Run30_Run25_Run29,Run15.csv;Run30.csv;Run25.csv;Run29.csv
baseline_5d,FNN,Run30.xlsx,8.404070854187012,0.161416255289861,21691.102383817604,23723.808846679636,2032.706462862032,435.0,250.0,R3_Run15_Run30_Run25_Run29,Run15.csv;Run30.csv;Run25.csv;Run29.csv
baseline_5d,GRU,Run15.xlsx,12.362447738647461,0.01063027315491193,23116.672321624363,22894.62099053632,222.05133108804148,326.0,250.0,R3_Run15_Run30_Run25_Run29,Run15.csv;Run30.csv;Run25.csv;Run29.csv
baseline_5d,GRU,Run25.xlsx,3.6074836254119873,0.05628694233542139,22410.311837807985,22834.36330453385,424.0514667258649,543.0,250.0,R3_Run15_Run30_Run25_Run29,Run15.csv;Run30.csv;Run25.csv;Run29.csv
baseline_5d,GRU,Run29.xlsx,3.6634156703948975,0.06791132705366111,19701.191171931085,20098.92064774445,397.72947581336484,435.0,250.0,R3_Run15_Run30_Run25_Run29,Run15.csv;Run30.csv;Run25.csv;Run29.csv
baseline_5d,GRU,Run30.xlsx,15.46245288848877,0.19200200873200432,21087.296705832985,23723.808846679636,2636.512140846651,435.0,250.0,R3_Run15_Run30_Run25_Run29,Run15.csv;Run30.csv;Run25.csv;Run29.csv
baseline_5d,LSTM,Run15.xlsx,23.680782318115234,0.12194404706341876,24197.574184907484,22894.62099053632,1302.9531943711627,326.0,250.0,R3_Run15_Run30_Run25_Run29,Run15.csv;Run30.csv;Run25.csv;Run29.csv
baseline_5d,LSTM,Run25.xlsx,4.357852458953857,0.07504912223631482,22394.380116390486,22834.36330453385,439.9831881433638,543.0,250.0,R3_Run15_Run30_Run25_Run29,Run15.csv;Run30.csv;Run25.csv;Run29.csv
baseline_5d,LSTM,Run29.xlsx,4.33255672454834,0.07450939764293979,20875.381187708386,20098.92064774445,776.4605399639368,435.0,250.0,R3_Run15_Run30_Run25_Run29,Run15.csv;Run30.csv;Run25.csv;Run29.csv
baseline_5d,LSTM,Run30.xlsx,12.061522483825684,0.1708641769195187,21640.906262905606,23723.808846679636,2082.90258377403,435.0,250.0,R3_Run15_Run30_Run25_Run29,Run15.csv;Run30.csv;Run25.csv;Run29.csv
baseline_5d,1D-CNN,Run15.xlsx,56.178077697753906,0.3571582626629569,30533.34486375239,22894.62099053632,7638.7238732160695,326.0,250.0,R3_Run15_Run30_Run25_Run29,Run15.csv;Run30.csv;Run25.csv;Run29.csv
baseline_5d,1D-CNN,Run25.xlsx,7.943760395050049,0.1482470275026511,21463.249099846857,22834.36330453385,1371.1142046869936,543.0,250.0,R3_Run15_Run30_Run25_Run29,Run15.csv;Run30.csv;Run25.csv;Run29.csv
baseline_5d,1D-CNN,Run29.xlsx,12.507463455200195,0.2667204226735545,18185.96965339114,20098.92064774445,1912.9509943533085,435.0,250.0,R3_Run15_Run30_Run25_Run29,Run15.csv;Run30.csv;Run25.csv;Run29.csv
baseline_5d,1D-CNN,Run30.xlsx,4.323688507080078,0.049160650597102264,23099.77251940773,23723.808846679636,624.0363272719078,435.0,250.0,R3_Run15_Run30_Run25_Run29,Run15.csv;Run30.csv;Run25.csv;Run29.csv
baseline_5d,Transformer,Run15.xlsx,53.8829460144043,0.37231901688590924,27448.071711207816,22894.62099053632,4553.450720671495,326.0,250.0,R3_Run15_Run30_Run25_Run29,Run15.csv;Run30.csv;Run25.csv;Run29.csv
baseline_5d,Transformer,Run25.xlsx,3.7706620693206787,0.12062963372674865,21897.028951059325,22834.36330453385,937.3343534745254,543.0,250.0,R3_Run15_Run30_Run25_Run29,Run15.csv;Run30.csv;Run25.csv;Run29.csv
baseline_5d,Transformer,Run29.xlsx,2.7335543632507324,0.06190662441914694,19542.6833485756,20098.92064774445,556.2372991688499,435.0,250.0,R3_Run15_Run30_Run25_Run29,Run15.csv;Run30.csv;Run25.csv;Run29.csv
baseline_5d,Transformer,Run30.xlsx,11.566506385803223,0.20483243670486442,21512.45174854141,23723.808846679636,2211.3570981382254,435.0,250.0,R3_Run15_Run30_Run25_Run29,Run15.csv;Run30.csv;Run25.csv;Run29.csv
R1_plus_slow,FNN,Run15.xlsx,76.8324203491211,0.513593287628209,17212.684343076093,22894.62099053632,5681.936647460228,326.0,250.0,R3_Run15_Run30_Run25_Run29,Run15.csv;Run30.csv;Run25.csv;Run29.csv
R1_plus_slow,FNN,Run25.xlsx,3.4295544624328613,0.039790695782157465,22934.388547671646,22834.36330453385,100.02524313779577,543.0,250.0,R3_Run15_Run30_Run25_Run29,Run15.csv;Run30.csv;Run25.csv;Run29.csv
R1_plus_slow,FNN,Run29.xlsx,5.109809875488281,0.05994113542707955,20704.0608655842,20098.92064774445,605.1402178397511,435.0,250.0,R3_Run15_Run30_Run25_Run29,Run15.csv;Run30.csv;Run25.csv;Run29.csv
R1_plus_slow,FNN,Run30.xlsx,18.451873779296875,0.27577077374391357,26415.125113034574,23723.808846679636,2691.3162663549374,435.0,250.0,R3_Run15_Run30_Run25_Run29,Run15.csv;Run30.csv;Run25.csv;Run29.csv
R1_plus_slow,GRU,Run15.xlsx,29.03032875061035,0.14253867526805428,24832.115957925314,22894.62099053632,1937.4949673889932,326.0,250.0,R3_Run15_Run30_Run25_Run29,Run15.csv;Run30.csv;Run25.csv;Run29.csv
R1_plus_slow,GRU,Run25.xlsx,2.7180914878845215,0.04578353105734961,22584.50947649484,22834.36330453385,249.8538280390094,543.0,250.0,R3_Run15_Run30_Run25_Run29,Run15.csv;Run30.csv;Run25.csv;Run29.csv
R1_plus_slow,GRU,Run29.xlsx,3.4728758335113525,0.04377647499962065,20549.207156464316,20098.92064774445,450.2865087198661,435.0,250.0,R3_Run15_Run30_Run25_Run29,Run15.csv;Run30.csv;Run25.csv;Run29.csv
R1_plus_slow,GRU,Run30.xlsx,8.151562690734863,0.09244745409414995,22380.60405384666,23723.808846679636,1343.2047928329775,435.0,250.0,R3_Run15_Run30_Run25_Run29,Run15.csv;Run30.csv;Run25.csv;Run29.csv
R1_plus_slow,LSTM,Run15.xlsx,28.143333435058594,0.1571802563341738,24533.665067374026,22894.62099053632,1639.0440768377048,326.0,250.0,R3_Run15_Run30_Run25_Run29,Run15.csv;Run30.csv;Run25.csv;Run29.csv
R1_plus_slow,LSTM,Run25.xlsx,7.099424839019775,0.10960925748693119,22015.934134210944,22834.36330453385,818.4291703229064,543.0,250.0,R3_Run15_Run30_Run25_Run29,Run15.csv;Run30.csv;Run25.csv;Run29.csv
R1_plus_slow,LSTM,Run29.xlsx,3.7996904850006104,0.04422431917931836,20093.195068670506,20098.92064774445,5.725579073943663,435.0,250.0,R3_Run15_Run30_Run25_Run29,Run15.csv;Run30.csv;Run25.csv;Run29.csv
R1_plus_slow,LSTM,Run30.xlsx,11.885698318481445,0.1563350445219755,22006.5147193409,23723.808846679636,1717.2941273387369,435.0,250.0,R3_Run15_Run30_Run25_Run29,Run15.csv;Run30.csv;Run25.csv;Run29.csv
R1_plus_slow,1D-CNN,Run15.xlsx,136.10769653320312,0.7970384944239485,14913.097300624382,22894.62099053632,7981.523689911939,326.0,250.0,R3_Run15_Run30_Run25_Run29,Run15.csv;Run30.csv;Run25.csv;Run29.csv
R1_plus_slow,1D-CNN,Run25.xlsx,8.141534805297852,0.15327341843288408,23695.220850707756,22834.36330453385,860.8575461739056,543.0,250.0,R3_Run15_Run30_Run25_Run29,Run15.csv;Run30.csv;Run25.csv;Run29.csv
R1_plus_slow,1D-CNN,Run29.xlsx,4.143964767456055,0.08527111842528214,20804.944306956044,20098.92064774445,706.0236592115943,435.0,250.0,R3_Run15_Run30_Run25_Run29,Run15.csv;Run30.csv;Run25.csv;Run29.csv
R1_plus_slow,1D-CNN,Run30.xlsx,17.590253829956055,0.31957870614291806,26611.62559349715,23723.808846679636,2887.8167468175125,435.0,250.0,R3_Run15_Run30_Run25_Run29,Run15.csv;Run30.csv;Run25.csv;Run29.csv
R1_plus_slow,Transformer,Run15.xlsx,42.43781661987305,0.26732848890445926,25798.939567758196,22894.62099053632,2904.318577221875,326.0,250.0,R3_Run15_Run30_Run25_Run29,Run15.csv;Run30.csv;Run25.csv;Run29.csv
R1_plus_slow,Transformer,Run25.xlsx,5.1956915855407715,0.08660378840209972,22498.181222639527,22834.36330453385,336.18208189432335,543.0,250.0,R3_Run15_Run30_Run25_Run29,Run15.csv;Run30.csv;Run25.csv;Run29.csv
R1_plus_slow,Transformer,Run29.xlsx,2.759502649307251,0.051345787870885784,19775.68101872192,20098.92064774445,323.2396290225297,435.0,250.0,R3_Run15_Run30_Run25_Run29,Run15.csv;Run30.csv;Run25.csv;Run29.csv
R1_plus_slow,Transformer,Run30.xlsx,13.451460838317871,0.19082025002690609,22067.168329613593,23723.808846679636,1656.6405170660437,435.0,250.0,R3_Run15_Run30_Run25_Run29,Run15.csv;Run30.csv;Run25.csv;Run29.csv
baseline_5d,FNN,Run15.xlsx,58.39640426635742,0.47407809823981806,29378.286685626455,22894.62099053632,6483.665695090134,326.0,250.0,R3_Run15_Run30_Run24_Run29,Run15.csv;Run30.csv;Run24.csv;Run29.csv
baseline_5d,FNN,Run24.xlsx,8.363234519958496,0.12413478031059,27387.794584834814,27771.30720744056,383.5126226057473,543.0,250.0,R3_Run15_Run30_Run24_Run29,Run15.csv;Run30.csv;Run24.csv;Run29.csv
baseline_5d,FNN,Run29.xlsx,3.8743019104003906,0.11482523843106318,18988.279797988336,20098.92064774445,1110.6408497561133,435.0,250.0,R3_Run15_Run30_Run24_Run29,Run15.csv;Run30.csv;Run24.csv;Run29.csv
baseline_5d,FNN,Run30.xlsx,6.620456695556641,0.12918752599123712,22536.275439569232,23723.808846679636,1187.5334071104044,435.0,250.0,R3_Run15_Run30_Run24_Run29,Run15.csv;Run30.csv;Run24.csv;Run29.csv
baseline_5d,GRU,Run15.xlsx,24.724884033203125,0.16681227849912475,24058.47041667364,22894.62099053632,1163.8494261373198,326.0,250.0,R3_Run15_Run30_Run24_Run29,Run15.csv;Run30.csv;Run24.csv;Run29.csv
baseline_5d,GRU,Run24.xlsx,5.340802192687988,0.10729242350596284,26636.286299896998,27771.30720744056,1135.0209075435632,543.0,250.0,R3_Run15_Run30_Run24_Run29,Run15.csv;Run30.csv;Run24.csv;Run29.csv
baseline_5d,GRU,Run29.xlsx,3.341789722442627,0.04639904229866387,19788.291019512566,20098.92064774445,310.62962823188354,435.0,250.0,R3_Run15_Run30_Run24_Run29,Run15.csv;Run30.csv;Run24.csv;Run29.csv
baseline_5d,GRU,Run30.xlsx,15.496198654174805,0.19491185037609526,21226.665069457064,23723.808846679636,2497.1437772225727,435.0,250.0,R3_Run15_Run30_Run24_Run29,Run15.csv;Run30.csv;Run24.csv;Run29.csv
baseline_5d,LSTM,Run15.xlsx,44.5599479675293,0.2753745566880058,26788.11471776633,22894.62099053632,3893.4937272300085,326.0,250.0,R3_Run15_Run30_Run24_Run29,Run15.csv;Run30.csv;Run24.csv;Run29.csv
baseline_5d,LSTM,Run24.xlsx,5.703214168548584,0.10344093759489391,26589.196580829223,27771.30720744056,1182.1106266113384,543.0,250.0,R3_Run15_Run30_Run24_Run29,Run15.csv;Run30.csv;Run24.csv;Run29.csv
baseline_5d,LSTM,Run29.xlsx,9.37466049194336,0.17834299757243363,22060.240704901033,20098.92064774445,1961.320057156583,435.0,250.0,R3_Run15_Run30_Run24_Run29,Run15.csv;Run30.csv;Run24.csv;Run29.csv
baseline_5d,LSTM,Run30.xlsx,23.05514907836914,0.2706166991713071,20420.202843973922,23723.808846679636,3303.6060027057138,435.0,250.0,R3_Run15_Run30_Run24_Run29,Run15.csv;Run30.csv;Run24.csv;Run29.csv
baseline_5d,1D-CNN,Run15.xlsx,61.384586334228516,0.4325436619380696,30640.653864297226,22894.62099053632,7746.032873760905,326.0,250.0,R3_Run15_Run30_Run24_Run29,Run15.csv;Run30.csv;Run24.csv;Run29.csv
baseline_5d,1D-CNN,Run24.xlsx,1.3983229398727417,0.03684460506897273,27738.405857937207,27771.30720744056,32.90134950335414,543.0,250.0,R3_Run15_Run30_Run24_Run29,Run15.csv;Run30.csv;Run24.csv;Run29.csv
baseline_5d,1D-CNN,Run29.xlsx,2.5991721153259277,0.057127490177944724,19611.613820620918,20098.92064774445,487.30682712353155,435.0,250.0,R3_Run15_Run30_Run24_Run29,Run15.csv;Run30.csv;Run24.csv;Run29.csv
baseline_5d,1D-CNN,Run30.xlsx,6.75962495803833,0.08443095151980558,22287.578760667533,23723.808846679636,1436.2300860121031,435.0,250.0,R3_Run15_Run30_Run24_Run29,Run15.csv;Run30.csv;Run24.csv;Run29.csv
baseline_5d,Transformer,Run15.xlsx,54.81132888793945,0.34284825638502775,27841.117820635205,22894.62099053632,4946.496830098884,326.0,250.0,R3_Run15_Run30_Run24_Run29,Run15.csv;Run30.csv;Run24.csv;Run29.csv
baseline_5d,Transformer,Run24.xlsx,3.1449930667877197,0.10837433346875824,26586.52681327603,27771.30720744056,1184.7803941645325,543.0,250.0,R3_Run15_Run30_Run24_Run29,Run15.csv;Run30.csv;Run24.csv;Run29.csv
baseline_5d,Transformer,Run29.xlsx,4.492490768432617,0.04136956839440406,20388.122968507876,20098.92064774445,289.20232076342654,435.0,250.0,R3_Run15_Run30_Run24_Run29,Run15.csv;Run30.csv;Run24.csv;Run29.csv
baseline_5d,Transformer,Run30.xlsx,11.99901008605957,0.17382408194302632,21529.076124685285,23723.808846679636,2194.732721994351,435.0,250.0,R3_Run15_Run30_Run24_Run29,Run15.csv;Run30.csv;Run24.csv;Run29.csv
R1_plus_slow,FNN,Run15.xlsx,4.650181770324707,0.04600769441421659,22316.12952523831,22894.62099053632,578.4914652980115,326.0,250.0,R3_Run15_Run30_Run24_Run29,Run15.csv;Run30.csv;Run24.csv;Run29.csv
R1_plus_slow,FNN,Run24.xlsx,4.093139171600342,0.06092399277023425,27602.67148940926,27771.30720744056,168.63571803130253,543.0,250.0,R3_Run15_Run30_Run24_Run29,Run15.csv;Run30.csv;Run24.csv;Run29.csv
R1_plus_slow,FNN,Run29.xlsx,3.3401079177856445,0.10011115577641688,19381.4031611908,20098.92064774445,717.5174865536501,435.0,250.0,R3_Run15_Run30_Run24_Run29,Run15.csv;Run30.csv;Run24.csv;Run29.csv
R1_plus_slow,FNN,Run30.xlsx,5.816441059112549,0.07558111011643623,24179.29069643876,23723.808846679636,455.48184975912227,435.0,250.0,R3_Run15_Run30_Run24_Run29,Run15.csv;Run30.csv;Run24.csv;Run29.csv
R1_plus_slow,GRU,Run15.xlsx,35.77688217163086,0.2121960010253745,25248.85385711475,22894.62099053632,2354.23286657843,326.0,250.0,R3_Run15_Run30_Run24_Run29,Run15.csv;Run30.csv;Run24.csv;Run29.csv
R1_plus_slow,GRU,Run24.xlsx,1.6552404165267944,0.03142765965525689,27981.986130478977,27771.30720744056,210.67892303841654,543.0,250.0,R3_Run15_Run30_Run24_Run29,Run15.csv;Run30.csv;Run24.csv;Run29.csv
R1_plus_slow,GRU,Run29.xlsx,3.1748459339141846,0.05818274884814704,19750.311016768577,20098.92064774445,348.6096309758723,435.0,250.0,R3_Run15_Run30_Run24_Run29,Run15.csv;Run30.csv;Run24.csv;Run29.csv
R1_plus_slow,GRU,Run30.xlsx,4.6867241859436035,0.05612319296536101,23109.123771173512,23723.808846679636,614.6850755061241,435.0,250.0,R3_Run15_Run30_Run24_Run29,Run15.csv;Run30.csv;Run24.csv;Run29.csv
R1_plus_slow,LSTM,Run15.xlsx,73.0648193359375,0.5275620597576534,29425.352921848127,22894.62099053632,6530.731931311806,326.0,250.0,R3_Run15_Run30_Run24_Run29,Run15.csv;Run30.csv;Run24.csv;Run29.csv
R1_plus_slow,LSTM,Run24.xlsx,2.2658891677856445,0.03293149466780093,27724.550769806505,27771.30720744056,46.756437634056056,543.0,250.0,R3_Run15_Run30_Run24_Run29,Run15.csv;Run30.csv;Run24.csv;Run29.csv
R1_plus_slow,LSTM,Run29.xlsx,5.580355167388916,0.12813549651724218,21294.161695888808,20098.92064774445,1195.2410481443585,435.0,250.0,R3_Run15_Run30_Run24_Run29,Run15.csv;Run30.csv;Run24.csv;Run29.csv
R1_plus_slow,LSTM,Run30.xlsx,8.815812110900879,0.10153688232098718,22470.398171989134,23723.808846679636,1253.4106746905018,435.0,250.0,R3_Run15_Run30_Run24_Run29,Run15.csv;Run30.csv;Run24.csv;Run29.csv
R1_plus_slow,1D-CNN,Run15.xlsx,39.788330078125,0.275165763870949,19055.747303929373,22894.62099053632,3838.8736866069485,326.0,250.0,R3_Run15_Run30_Run24_Run29,Run15.csv;Run30.csv;Run24.csv;Run29.csv
R1_plus_slow,1D-CNN,Run24.xlsx,5.695278644561768,0.1445291599138984,29739.521836999982,27771.30720744056,1968.2146295594212,543.0,250.0,R3_Run15_Run30_Run24_Run29,Run15.csv;Run30.csv;Run24.csv;Run29.csv
R1_plus_slow,1D-CNN,Run29.xlsx,3.9489693641662598,0.06227796246521572,19399.428546685303,20098.92064774445,699.4921010591461,435.0,250.0,R3_Run15_Run30_Run24_Run29,Run15.csv;Run30.csv;Run24.csv;Run29.csv
R1_plus_slow,1D-CNN,Run30.xlsx,16.073993682861328,0.2509339363426146,26392.523490225005,23723.808846679636,2668.7146435453687,435.0,250.0,R3_Run15_Run30_Run24_Run29,Run15.csv;Run30.csv;Run24.csv;Run29.csv
R1_plus_slow,Transformer,Run15.xlsx,31.271596908569336,0.22163971098216906,24488.830784494072,22894.62099053632,1594.2097939577507,326.0,250.0,R3_Run15_Run30_Run24_Run29,Run15.csv;Run30.csv;Run24.csv;Run29.csv
R1_plus_slow,Transformer,Run24.xlsx,4.163037300109863,0.07702864268470264,27049.62447453122,27771.30720744056,721.6827329093394,543.0,250.0,R3_Run15_Run30_Run24_Run29,Run15.csv;Run30.csv;Run24.csv;Run29.csv
R1_plus_slow,Transformer,Run29.xlsx,5.421086311340332,0.07486824709621705,20618.246005339737,20098.92064774445,519.3253575952876,435.0,250.0,R3_Run15_Run30_Run24_Run29,Run15.csv;Run30.csv;Run24.csv;Run29.csv
R1_plus_slow,Transformer,Run30.xlsx,14.934088706970215,0.17750675217556733,21664.386515321745,23723.808846679636,2059.4223313578914,435.0,250.0,R3_Run15_Run30_Run24_Run29,Run15.csv;Run30.csv;Run24.csv;Run29.csv
baseline_5d,FNN,Run16.xlsx,14.011664390563965,0.09307533190956042,32732.187568019155,31328.193563571127,1403.9940044480281,163.0,163.0,R3_Run16_Run28_Run7_Run29,Run16.csv;Run28.csv;Run7.csv;Run29.csv
baseline_5d,FNN,Run28.xlsx,3.9262235164642334,0.03374003508947898,42646.25456785582,42449.22900678442,197.02556107140117,543.0,250.0,R3_Run16_Run28_Run7_Run29,Run16.csv;Run28.csv;Run7.csv;Run29.csv
baseline_5d,FNN,Run29.xlsx,11.09162425994873,0.22390754411247005,17793.430861903013,20098.92064774445,2305.489785841437,435.0,250.0,R3_Run16_Run28_Run7_Run29,Run16.csv;Run28.csv;Run7.csv;Run29.csv
baseline_5d,FNN,Run7.xlsx,12.001178741455078,0.0730206719795954,14839.192197176197,14533.749424829995,305.4427723462013,261.0,250.0,R3_Run16_Run28_Run7_Run29,Run16.csv;Run28.csv;Run7.csv;Run29.csv
baseline_5d,GRU,Run16.xlsx,4.895153522491455,0.05251373438506251,30426.742307946264,31328.193563571127,901.4512556248628,163.0,163.0,R3_Run16_Run28_Run7_Run29,Run16.csv;Run28.csv;Run7.csv;Run29.csv
baseline_5d,GRU,Run28.xlsx,4.25745153427124,0.11523529440807123,43281.677950917,42449.22900678442,832.4489441325786,543.0,250.0,R3_Run16_Run28_Run7_Run29,Run16.csv;Run28.csv;Run7.csv;Run29.csv
baseline_5d,GRU,Run29.xlsx,6.8745012283325195,0.12731750632822625,18736.96890713868,20098.92064774445,1361.9517406057712,435.0,250.0,R3_Run16_Run28_Run7_Run29,Run16.csv;Run28.csv;Run7.csv;Run29.csv
baseline_5d,GRU,Run7.xlsx,17.62858772277832,0.06322810419969792,15321.08853701101,14533.749424829995,787.3391121810146,261.0,250.0,R3_Run16_Run28_Run7_Run29,Run16.csv;Run28.csv;Run7.csv;Run29.csv
baseline_5d,LSTM,Run16.xlsx,4.036664009094238,0.059329328730564394,30433.101370889228,31328.193563571127,895.0921926818992,163.0,163.0,R3_Run16_Run28_Run7_Run29,Run16.csv;Run28.csv;Run7.csv;Run29.csv
baseline_5d,LSTM,Run28.xlsx,6.135608196258545,0.19851183037471473,44630.23142025041,42449.22900678442,2181.0024134659907,543.0,250.0,R3_Run16_Run28_Run7_Run29,Run16.csv;Run28.csv;Run7.csv;Run29.csv
baseline_5d,LSTM,Run29.xlsx,8.685068130493164,0.16129680660780904,18510.400434991716,20098.92064774445,1588.5202127527336,435.0,250.0,R3_Run16_Run28_Run7_Run29,Run16.csv;Run28.csv;Run7.csv;Run29.csv
baseline_5d,LSTM,Run7.xlsx,8.97739028930664,0.04012739552949456,14655.933119196845,14533.749424829995,122.18369436684952,261.0,250.0,R3_Run16_Run28_Run7_Run29,Run16.csv;Run28.csv;Run7.csv;Run29.csv
baseline_5d,1D-CNN,Run16.xlsx,22.484539031982422,0.28806621439872204,34966.82671423697,31328.193563571127,3638.633150665846,163.0,163.0,R3_Run16_Run28_Run7_Run29,Run16.csv;Run28.csv;Run7.csv;Run29.csv
baseline_5d,1D-CNN,Run28.xlsx,5.152106285095215,0.11042975109005271,45484.93388619255,42449.22900678442,3035.7048794081275,543.0,250.0,R3_Run16_Run28_Run7_Run29,Run16.csv;Run28.csv;Run7.csv;Run29.csv
baseline_5d,1D-CNN,Run29.xlsx,17.784414291381836,0.2791640102780104,16782.539894831723,20098.92064774445,3316.380752912726,435.0,250.0,R3_Run16_Run28_Run7_Run29,Run16.csv;Run28.csv;Run7.csv;Run29.csv
baseline_5d,1D-CNN,Run7.xlsx,23.064739227294922,0.1601849593941997,15806.741321412372,14533.749424829995,1272.9918965823763,261.0,250.0,R3_Run16_Run28_Run7_Run29,Run16.csv;Run28.csv;Run7.csv;Run29.csv
baseline_5d,Transformer,Run16.xlsx,8.876447677612305,0.15528509216025851,29110.65178625184,31328.193563571127,2217.5417773192858,163.0,163.0,R3_Run16_Run28_Run7_Run29,Run16.csv;Run28.csv;Run7.csv;Run29.csv
baseline_5d,Transformer,Run28.xlsx,2.3511297702789307,0.0920368952749214,39573.83943041102,42449.22900678442,2875.3895763734035,543.0,250.0,R3_Run16_Run28_Run7_Run29,Run16.csv;Run28.csv;Run7.csv;Run29.csv
baseline_5d,Transformer,Run29.xlsx,2.4887290000915527,0.061172160569718886,19560.524371108208,20098.92064774445,538.396276636242,435.0,250.0,R3_Run16_Run28_Run7_Run29,Run16.csv;Run28.csv;Run7.csv;Run29.csv
baseline_5d,Transformer,Run7.xlsx,14.665152549743652,0.057122702172230956,14956.758420032285,14533.749424829995,423.00899520228995,261.0,250.0,R3_Run16_Run28_Run7_Run29,Run16.csv;Run28.csv;Run7.csv;Run29.csv
R1_plus_slow,FNN,Run16.xlsx,19.889694213867188,0.17096456701770563,33800.02434441715,31328.193563571127,2471.830780846023,163.0,163.0,R3_Run16_Run28_Run7_Run29,Run16.csv;Run28.csv;Run7.csv;Run29.csv
R1_plus_slow,FNN,Run28.xlsx,2.121432304382324,0.05601871697821381,41146.384874926414,42449.22900678442,1302.844131858008,543.0,250.0,R3_Run16_Run28_Run7_Run29,Run16.csv;Run28.csv;Run7.csv;Run29.csv
R1_plus_slow,FNN,Run29.xlsx,4.043899059295654,0.09277217659301451,19010.389386352897,20098.92064774445,1088.531261391552,435.0,250.0,R3_Run16_Run28_Run7_Run29,Run16.csv;Run28.csv;Run7.csv;Run29.csv
R1_plus_slow,FNN,Run7.xlsx,54.2664909362793,0.49803695785522445,11157.737186550263,14533.749424829995,3376.0122382797326,261.0,250.0,R3_Run16_Run28_Run7_Run29,Run16.csv;Run28.csv;Run7.csv;Run29.csv
R1_plus_slow,GRU,Run16.xlsx,2.0363669395446777,0.053377627259104755,30555.266841618057,31328.193563571127,772.9267219530702,163.0,163.0,R3_Run16_Run28_Run7_Run29,Run16.csv;Run28.csv;Run7.csv;Run29.csv
R1_plus_slow,GRU,Run28.xlsx,2.854287624359131,0.084589727090669,43213.81595453946,42449.22900678442,764.5869477550368,543.0,250.0,R3_Run16_Run28_Run7_Run29,Run16.csv;Run28.csv;Run7.csv;Run29.csv
R1_plus_slow,GRU,Run29.xlsx,2.775655508041382,0.04101362958441679,20329.04255663499,20098.92064774445,230.12190889054182,435.0,250.0,R3_Run16_Run28_Run7_Run29,Run16.csv;Run28.csv;Run7.csv;Run29.csv
R1_plus_slow,GRU,Run7.xlsx,4.458219051361084,0.054990023882097505,14297.756213649916,14533.749424829995,235.99321118007902,261.0,250.0,R3_Run16_Run28_Run7_Run29,Run16.csv;Run28.csv;Run7.csv;Run29.csv
R1_plus_slow,LSTM,Run16.xlsx,7.672178745269775,0.12188254960156636,29349.248942660015,31328.193563571127,1978.944620911112,163.0,163.0,R3_Run16_Run28_Run7_Run29,Run16.csv;Run28.csv;Run7.csv;Run29.csv
R1_plus_slow,LSTM,Run28.xlsx,3.35408878326416,0.051738937071668364,41641.35092328313,42449.22900678442,807.8780835012949,543.0,250.0,R3_Run16_Run28_Run7_Run29,Run16.csv;Run28.csv;Run7.csv;Run29.csv
R1_plus_slow,LSTM,Run29.xlsx,4.617612838745117,0.06345436597248427,21080.073372372888,20098.92064774445,981.1527246284386,435.0,250.0,R3_Run16_Run28_Run7_Run29,Run16.csv;Run28.csv;Run7.csv;Run29.csv
R1_plus_slow,LSTM,Run7.xlsx,8.793099403381348,0.033079666481771956,14670.972767264027,14533.749424829995,137.22334243403202,261.0,250.0,R3_Run16_Run28_Run7_Run29,Run16.csv;Run28.csv;Run7.csv;Run29.csv
R1_plus_slow,1D-CNN,Run16.xlsx,38.407344818115234,0.3930862998877355,37476.88100579983,31328.193563571127,6148.6874422287,163.0,163.0,R3_Run16_Run28_Run7_Run29,Run16.csv;Run28.csv;Run7.csv;Run29.csv
R1_plus_slow,1D-CNN,Run28.xlsx,4.352161884307861,0.09762776003937187,44624.824908398936,42449.22900678442,2175.5959016145134,543.0,250.0,R3_Run16_Run28_Run7_Run29,Run16.csv;Run28.csv;Run7.csv;Run29.csv
R1_plus_slow,1D-CNN,Run29.xlsx,3.010890245437622,0.04343211765855511,20461.834354757397,20098.92064774445,362.91370701294727,435.0,250.0,R3_Run16_Run28_Run7_Run29,Run16.csv;Run28.csv;Run7.csv;Run29.csv
R1_plus_slow,1D-CNN,Run7.xlsx,27.60376739501953,0.3240694424800262,12467.151146269773,14533.749424829995,2066.5982785602228,261.0,250.0,R3_Run16_Run28_Run7_Run29,Run16.csv;Run28.csv;Run7.csv;Run29.csv
R1_plus_slow,Transformer,Run16.xlsx,7.050527095794678,0.15380585693883658,29278.03946381174,31328.193563571127,2050.1540997593875,163.0,163.0,R3_Run16_Run28_Run7_Run29,Run16.csv;Run28.csv;Run7.csv;Run29.csv
R1_plus_slow,Transformer,Run28.xlsx,2.1942875385284424,0.04750534896567671,40792.69127447416,42449.22900678442,1656.5377323102657,543.0,250.0,R3_Run16_Run28_Run7_Run29,Run16.csv;Run28.csv;Run7.csv;Run29.csv
R1_plus_slow,Transformer,Run29.xlsx,10.146638870239258,0.20116832916135144,21895.72460635038,20098.92064774445,1796.8039586059313,435.0,250.0,R3_Run16_Run28_Run7_Run29,Run16.csv;Run28.csv;Run7.csv;Run29.csv
R1_plus_slow,Transformer,Run7.xlsx,30.794530868530273,0.23682825970739085,16166.999125070133,14533.749424829995,1633.2497002401378,261.0,250.0,R3_Run16_Run28_Run7_Run29,Run16.csv;Run28.csv;Run7.csv;Run29.csv
baseline_5d,FNN,Run16.xlsx,6.771181106567383,0.031699675763639856,31069.9835521689,31328.193563571127,258.2100114022287,163.0,163.0,R3_Run16_Run28_Run8_Run29,Run16.csv;Run28.csv;Run8.csv;Run29.csv
baseline_5d,FNN,Run28.xlsx,3.9096360206604004,0.1343333072009042,39632.649835407596,42449.22900678442,2816.5791713768267,543.0,250.0,R3_Run16_Run28_Run8_Run29,Run16.csv;Run28.csv;Run8.csv;Run29.csv
baseline_5d,FNN,Run29.xlsx,15.590217590332031,0.29581831019398847,17075.226136822777,20098.92064774445,3023.694510921672,435.0,250.0,R3_Run16_Run28_Run8_Run29,Run16.csv;Run28.csv;Run8.csv;Run29.csv
baseline_5d,FNN,Run8.xlsx,3.385390281677246,0.024337422777523737,41602.743392122255,41489.80405662315,112.93933549910435,652.0,250.0,R3_Run16_Run28_Run8_Run29,Run16.csv;Run28.csv;Run8.csv;Run29.csv
baseline_5d,GRU,Run16.xlsx,5.153571128845215,0.02986608572063877,30691.582559706607,31328.193563571127,636.6110038645202,163.0,163.0,R3_Run16_Run28_Run8_Run29,Run16.csv;Run28.csv;Run8.csv;Run29.csv
baseline_5d,GRU,Run28.xlsx,6.710914134979248,0.19193028935511977,44212.02564906206,42449.22900678442,1762.7966422776371,543.0,250.0,R3_Run16_Run28_Run8_Run29,Run16.csv;Run28.csv;Run8.csv;Run29.csv
baseline_5d,GRU,Run29.xlsx,3.2780768871307373,0.047499648629817,19718.91186547253,20098.92064774445,380.0087822719179,435.0,250.0,R3_Run16_Run28_Run8_Run29,Run16.csv;Run28.csv;Run8.csv;Run29.csv
baseline_5d,GRU,Run8.xlsx,5.264224529266357,0.12870533542143783,43697.36305239279,41489.80405662315,2207.558995769643,652.0,250.0,R3_Run16_Run28_Run8_Run29,Run16.csv;Run28.csv;Run8.csv;Run29.csv
baseline_5d,LSTM,Run16.xlsx,4.119960784912109,0.038331664471357094,30570.13219748839,31328.193563571127,758.0613660827366,163.0,163.0,R3_Run16_Run28_Run8_Run29,Run16.csv;Run28.csv;Run8.csv;Run29.csv
baseline_5d,LSTM,Run28.xlsx,4.070562839508057,0.12221972016319645,43542.36073595862,42449.22900678442,1093.1317291741943,543.0,250.0,R3_Run16_Run28_Run8_Run29,Run16.csv;Run28.csv;Run8.csv;Run29.csv
baseline_5d,LSTM,Run29.xlsx,5.644968032836914,0.1115786475596016,19167.874699165513,20098.92064774445,931.0459485789361,435.0,250.0,R3_Run16_Run28_Run8_Run29,Run16.csv;Run28.csv;Run8.csv;Run29.csv
baseline_5d,LSTM,Run8.xlsx,5.1391072273254395,0.12440297060736928,44135.67517456247,41489.80405662315,2645.8711179393213,652.0,250.0,R3_Run16_Run28_Run8_Run29,Run16.csv;Run28.csv;Run8.csv;Run29.csv
baseline_5d,1D-CNN,Run16.xlsx,12.693075180053711,0.11579233909824128,32360.08769528016,31328.193563571127,1031.894131709032,163.0,163.0,R3_Run16_Run28_Run8_Run29,Run16.csv;Run28.csv;Run8.csv;Run29.csv
baseline_5d,1D-CNN,Run28.xlsx,5.1340789794921875,0.1259319155064413,44939.5992270214,42449.22900678442,2490.370220236975,543.0,250.0,R3_Run16_Run28_Run8_Run29,Run16.csv;Run28.csv;Run8.csv;Run29.csv
baseline_5d,1D-CNN,Run29.xlsx,6.283736228942871,0.09730280506539453,19056.672486848314,20098.92064774445,1042.2481608961352,435.0,250.0,R3_Run16_Run28_Run8_Run29,Run16.csv;Run28.csv;Run8.csv;Run29.csv
baseline_5d,1D-CNN,Run8.xlsx,4.082613945007324,0.08408422516528662,43828.67311955436,41489.80405662315,2338.8690629312114,652.0,250.0,R3_Run16_Run28_Run8_Run29,Run16.csv;Run28.csv;Run8.csv;Run29.csv
baseline_5d,Transformer,Run16.xlsx,3.419762134552002,0.0677621197663018,30037.109997939773,31328.193563571127,1291.0835656313538,163.0,163.0,R3_Run16_Run28_Run8_Run29,Run16.csv;Run28.csv;Run8.csv;Run29.csv
baseline_5d,Transformer,Run28.xlsx,2.91995906829834,0.07745574104879557,39509.237442494945,42449.22900678442,2939.9915642894775,543.0,250.0,R3_Run16_Run28_Run8_Run29,Run16.csv;Run28.csv;Run8.csv;Run29.csv
baseline_5d,Transformer,Run29.xlsx,2.1825671195983887,0.07622063889346774,19288.783851078275,20098.92064774445,810.1367966661746,435.0,250.0,R3_Run16_Run28_Run8_Run29,Run16.csv;Run28.csv;Run8.csv;Run29.csv
baseline_5d,Transformer,Run8.xlsx,1.2865246534347534,0.14015214222444028,38117.16149836611,41489.80405662315,3372.6425582570373,652.0,250.0,R3_Run16_Run28_Run8_Run29,Run16.csv;Run28.csv;Run8.csv;Run29.csv
R1_plus_slow,FNN,Run16.xlsx,15.187357902526855,0.24586981078232845,27827.00965193649,31328.193563571127,3501.183911634638,163.0,163.0,R3_Run16_Run28_Run8_Run29,Run16.csv;Run28.csv;Run8.csv;Run29.csv
R1_plus_slow,FNN,Run28.xlsx,3.4707560539245605,0.1115380621116983,39637.09990668824,42449.22900678442,2812.129100096179,543.0,250.0,R3_Run16_Run28_Run8_Run29,Run16.csv;Run28.csv;Run8.csv;Run29.csv
R1_plus_slow,FNN,Run29.xlsx,6.669838905334473,0.1672611656597159,18492.370680972064,20098.92064774445,1606.5499667723852,435.0,250.0,R3_Run16_Run28_Run8_Run29,Run16.csv;Run28.csv;Run8.csv;Run29.csv
R1_plus_slow,FNN,Run8.xlsx,2.1684563159942627,0.13299243466927554,38611.0030321673,41489.80405662315,2878.8010244558536,652.0,250.0,R3_Run16_Run28_Run8_Run29,Run16.csv;Run28.csv;Run8.csv;Run29.csv
R1_plus_slow,GRU,Run16.xlsx,3.412290573120117,0.050809428778116957,30550.074899062547,31328.193563571127,778.11866450858,163.0,163.0,R3_Run16_Run28_Run8_Run29,Run16.csv;Run28.csv;Run8.csv;Run29.csv
R1_plus_slow,GRU,Run28.xlsx,4.658596515655518,0.10508006063542359,42913.150235153065,42449.22900678442,463.9212283686429,543.0,250.0,R3_Run16_Run28_Run8_Run29,Run16.csv;Run28.csv;Run8.csv;Run29.csv
R1_plus_slow,GRU,Run29.xlsx,2.901313304901123,0.03621593915963,20066.497377634118,20098.92064774445,32.42327011033194,435.0,250.0,R3_Run16_Run28_Run8_Run29,Run16.csv;Run28.csv;Run8.csv;Run29.csv
R1_plus_slow,GRU,Run8.xlsx,3.9438297748565674,0.0540328999060956,41893.89979025198,41489.80405662315,404.09573362882657,652.0,250.0,R3_Run16_Run28_Run8_Run29,Run16.csv;Run28.csv;Run8.csv;Run29.csv
R1_plus_slow,LSTM,Run16.xlsx,9.400407791137695,0.17462258541870948,28941.977281014515,31328.193563571127,2386.216282556612,163.0,163.0,R3_Run16_Run28_Run8_Run29,Run16.csv;Run28.csv;Run8.csv;Run29.csv
R1_plus_slow,LSTM,Run28.xlsx,4.5353169441223145,0.12887960313124286,44009.79808043617,42449.22900678442,1560.56907365175,543.0,250.0,R3_Run16_Run28_Run8_Run29,Run16.csv;Run28.csv;Run8.csv;Run29.csv
R1_plus_slow,LSTM,Run29.xlsx,2.6158790588378906,0.033882111512934986,20094.786176045498,20098.92064774445,4.134471698951529,435.0,250.0,R3_Run16_Run28_Run8_Run29,Run16.csv;Run28.csv;Run8.csv;Run29.csv
R1_plus_slow,LSTM,Run8.xlsx,5.083609580993652,0.13144123803829255,44052.347800130745,41489.80405662315,2562.5437435075946,652.0,250.0,R3_Run16_Run28_Run8_Run29,Run16.csv;Run28.csv;Run8.csv;Run29.csv
R1_plus_slow,1D-CNN,Run16.xlsx,16.995031356811523,0.15999057023832372,33240.05467022811,31328.193563571127,1911.8611066569865,163.0,163.0,R3_Run16_Run28_Run8_Run29,Run16.csv;Run28.csv;Run8.csv;Run29.csv
R1_plus_slow,1D-CNN,Run28.xlsx,4.928561210632324,0.09046477214021156,45992.32866061609,42449.22900678442,3543.0996538316685,543.0,250.0,R3_Run16_Run28_Run8_Run29,Run16.csv;Run28.csv;Run8.csv;Run29.csv
R1_plus_slow,1D-CNN,Run29.xlsx,5.737267017364502,0.13810841723642733,21348.948615435824,20098.92064774445,1250.0279676913742,435.0,250.0,R3_Run16_Run28_Run8_Run29,Run16.csv;Run28.csv;Run8.csv;Run29.csv
R1_plus_slow,1D-CNN,Run8.xlsx,5.510251998901367,0.1451091603612624,46750.10078739323,41489.80405662315,5260.296730770082,652.0,250.0,R3_Run16_Run28_Run8_Run29,Run16.csv;Run28.csv;Run8.csv;Run29.csv
R1_plus_slow,Transformer,Run16.xlsx,2.4056813716888428,0.08173397928252965,30074.6432865644,31328.193563571127,1253.5502770067287,163.0,163.0,R3_Run16_Run28_Run8_Run29,Run16.csv;Run28.csv;Run8.csv;Run29.csv
R1_plus_slow,Transformer,Run28.xlsx,2.8885631561279297,0.06569896678666218,42836.42503283224,42449.22900678442,387.1960260478154,543.0,250.0,R3_Run16_Run28_Run8_Run29,Run16.csv;Run28.csv;Run8.csv;Run29.csv
R1_plus_slow,Transformer,Run29.xlsx,5.900575160980225,0.11045930108971151,21154.83325546272,20098.92064774445,1055.91260771827,435.0,250.0,R3_Run16_Run28_Run8_Run29,Run16.csv;Run28.csv;Run8.csv;Run29.csv
R1_plus_slow,Transformer,Run8.xlsx,3.390146493911743,0.04528026180889584,42345.943615099335,41489.80405662315,856.1395584761849,652.0,250.0,R3_Run16_Run28_Run8_Run29,Run16.csv;Run28.csv;Run8.csv;Run29.csv
baseline_5d,FNN,Run16.xlsx,10.847748756408691,0.04917996699788433,32097.7788288299,31328.193563571127,769.5852652587746,163.0,163.0,R3_Run16_Run28_Run24_Run29,Run16.csv;Run28.csv;Run24.csv;Run29.csv
baseline_5d,FNN,Run24.xlsx,3.7850241661071777,0.07989807863802366,27509.99847358485,27771.30720744056,261.3087338557125,543.0,250.0,R3_Run16_Run28_Run24_Run29,Run16.csv;Run28.csv;Run24.csv;Run29.csv
baseline_5d,FNN,Run28.xlsx,3.2365667819976807,0.0644261331892674,42971.935622152465,42449.22900678442,522.7066153680425,543.0,250.0,R3_Run16_Run28_Run24_Run29,Run16.csv;Run28.csv;Run24.csv;Run29.csv
baseline_5d,FNN,Run29.xlsx,3.1860878467559814,0.04718467826408044,19739.665248713874,20098.92064774445,359.25539903057506,435.0,250.0,R3_Run16_Run28_Run24_Run29,Run16.csv;Run28.csv;Run24.csv;Run29.csv
baseline_5d,GRU,Run16.xlsx,7.927119255065918,0.03792539914212656,30918.379559192483,31328.193563571127,409.8140043786443,163.0,163.0,R3_Run16_Run28_Run24_Run29,Run16.csv;Run28.csv;Run24.csv;Run29.csv
baseline_5d,GRU,Run24.xlsx,2.303438663482666,0.052277304080257984,27262.506336743285,27771.30720744056,508.80087069727597,543.0,250.0,R3_Run16_Run28_Run24_Run29,Run16.csv;Run28.csv;Run24.csv;Run29.csv
baseline_5d,GRU,Run28.xlsx,6.305447101593018,0.13916509423031456,42915.52068681839,42449.22900678442,466.29168003396626,543.0,250.0,R3_Run16_Run28_Run24_Run29,Run16.csv;Run28.csv;Run24.csv;Run29.csv
baseline_5d,GRU,Run29.xlsx,3.731769323348999,0.056862804491907705,19607.184317886567,20098.92064774445,491.7363298578821,435.0,250.0,R3_Run16_Run28_Run24_Run29,Run16.csv;Run28.csv;Run24.csv;Run29.csv
baseline_5d,LSTM,Run16.xlsx,5.379936218261719,0.06866285255868064,30282.756789780688,31328.193563571127,1045.4367737904395,163.0,163.0,R3_Run16_Run28_Run24_Run29,Run16.csv;Run28.csv;Run24.csv;Run29.csv
baseline_5d,LSTM,Run24.xlsx,2.202139139175415,0.05840427601448237,28439.05485128348,27771.30720744056,667.7476438429185,543.0,250.0,R3_Run16_Run28_Run24_Run29,Run16.csv;Run28.csv;Run24.csv;Run29.csv
baseline_5d,LSTM,Run28.xlsx,5.772730350494385,0.14011426995239679,43312.26821525885,42449.22900678442,863.0392084744308,543.0,250.0,R3_Run16_Run28_Run24_Run29,Run16.csv;Run28.csv;Run24.csv;Run29.csv
baseline_5d,LSTM,Run29.xlsx,3.46979022026062,0.07049800111967984,19624.892008785388,20098.92064774445,474.02863895906194,435.0,250.0,R3_Run16_Run28_Run24_Run29,Run16.csv;Run28.csv;Run24.csv;Run29.csv
baseline_5d,1D-CNN,Run16.xlsx,6.706054210662842,0.06931759802905749,30123.24011577352,31328.193563571127,1204.9534477976085,163.0,163.0,R3_Run16_Run28_Run24_Run29,Run16.csv;Run28.csv;Run24.csv;Run29.csv
baseline_5d,1D-CNN,Run24.xlsx,2.8024141788482666,0.04721867131578156,28482.53088583544,27771.30720744056,711.2236783948792,543.0,250.0,R3_Run16_Run28_Run24_Run29,Run16.csv;Run28.csv;Run24.csv;Run29.csv
baseline_5d,1D-CNN,Run28.xlsx,6.425619602203369,0.20428433890502157,45881.46267852197,42449.22900678442,3432.233671737551,543.0,250.0,R3_Run16_Run28_Run24_Run29,Run16.csv;Run28.csv;Run24.csv;Run29.csv
baseline_5d,1D-CNN,Run29.xlsx,7.472592830657959,0.17205364991870017,21335.86132630086,20098.92064774445,1236.9406785564097,435.0,250.0,R3_Run16_Run28_Run24_Run29,Run16.csv;Run28.csv;Run24.csv;Run29.csv
baseline_5d,Transformer,Run16.xlsx,2.32853102684021,0.09749320376877259,29962.43629088852,31328.193563571127,1365.7572726826074,163.0,163.0,R3_Run16_Run28_Run24_Run29,Run16.csv;Run28.csv;Run24.csv;Run29.csv
baseline_5d,Transformer,Run24.xlsx,1.5567365884780884,0.03379730302340003,27758.397683933563,27771.30720744056,12.909523506998084,543.0,250.0,R3_Run16_Run28_Run24_Run29,Run16.csv;Run28.csv;Run24.csv;Run29.csv
baseline_5d,Transformer,Run28.xlsx,2.702590227127075,0.10573423316007857,39375.08609500026,42449.22900678442,3074.1429117841617,543.0,250.0,R3_Run16_Run28_Run24_Run29,Run16.csv;Run28.csv;Run24.csv;Run29.csv
baseline_5d,Transformer,Run29.xlsx,4.087583541870117,0.038187074202639414,20079.84636478496,20098.92064774445,19.07428295948921,435.0,250.0,R3_Run16_Run28_Run24_Run29,Run16.csv;Run28.csv;Run24.csv;Run29.csv
R1_plus_slow,FNN,Run16.xlsx,10.166756629943848,0.052638778020174776,31877.268049402363,31328.193563571127,549.0744858312355,163.0,163.0,R3_Run16_Run28_Run24_Run29,Run16.csv;Run28.csv;Run24.csv;Run29.csv
R1_plus_slow,FNN,Run24.xlsx,3.0840964317321777,0.046586186405222704,28061.049857344256,27771.30720744056,289.74264990369556,543.0,250.0,R3_Run16_Run28_Run24_Run29,Run16.csv;Run28.csv;Run24.csv;Run29.csv
R1_plus_slow,FNN,Run28.xlsx,2.5747430324554443,0.03165225291042821,41336.93910464969,42449.22900678442,1112.289902134733,543.0,250.0,R3_Run16_Run28_Run24_Run29,Run16.csv;Run28.csv;Run24.csv;Run29.csv
R1_plus_slow,FNN,Run29.xlsx,4.907364368438721,0.13682604711825933,18867.499530959896,20098.92064774445,1231.4211167845533,435.0,250.0,R3_Run16_Run28_Run24_Run29,Run16.csv;Run28.csv;Run24.csv;Run29.csv
R1_plus_slow,GRU,Run16.xlsx,5.908085823059082,0.14394324650207588,29424.214323875265,31328.193563571127,1903.979239695862,163.0,163.0,R3_Run16_Run28_Run24_Run29,Run16.csv;Run28.csv;Run24.csv;Run29.csv
R1_plus_slow,GRU,Run24.xlsx,1.6611740589141846,0.03420754833337722,28185.370616363198,27771.30720744056,414.0634089226369,543.0,250.0,R3_Run16_Run28_Run24_Run29,Run16.csv;Run28.csv;Run24.csv;Run29.csv
R1_plus_slow,GRU,Run28.xlsx,2.4186415672302246,0.0743677120056008,43145.683110824604,42449.22900678442,696.4541040401818,543.0,250.0,R3_Run16_Run28_Run24_Run29,Run16.csv;Run28.csv;Run24.csv;Run29.csv
R1_plus_slow,GRU,Run29.xlsx,4.237803936004639,0.06556534683051513,20355.89773108749,20098.92064774445,256.97708334304116,435.0,250.0,R3_Run16_Run28_Run24_Run29,Run16.csv;Run28.csv;Run24.csv;Run29.csv
R1_plus_slow,LSTM,Run16.xlsx,1.7898457050323486,0.056354224009424685,30515.125219901478,31328.193563571127,813.068343669649,163.0,163.0,R3_Run16_Run28_Run24_Run29,Run16.csv;Run28.csv;Run24.csv;Run29.csv
R1_plus_slow,LSTM,Run24.xlsx,1.4922444820404053,0.043765170210860196,28207.370863572698,27771.30720744056,436.0636561321371,543.0,250.0,R3_Run16_Run28_Run24_Run29,Run16.csv;Run28.csv;Run24.csv;Run29.csv
R1_plus_slow,LSTM,Run28.xlsx,3.2324817180633545,0.10364234919899591,43476.39307694837,42449.22900678442,1027.164070163948,543.0,250.0,R3_Run16_Run28_Run24_Run29,Run16.csv;Run28.csv;Run24.csv;Run29.csv
R1_plus_slow,LSTM,Run29.xlsx,7.521865367889404,0.15229602534435469,21538.275324002225,20098.92064774445,1439.3546762577753,435.0,250.0,R3_Run16_Run28_Run24_Run29,Run16.csv;Run28.csv;Run24.csv;Run29.csv
R1_plus_slow,1D-CNN,Run16.xlsx,5.809407711029053,0.01761138409901056,31116.794108403956,31328.193563571127,211.39945516717125,163.0,163.0,R3_Run16_Run28_Run24_Run29,Run16.csv;Run28.csv;Run24.csv;Run29.csv
R1_plus_slow,1D-CNN,Run24.xlsx,5.1196675300598145,0.0701345553879868,27215.167859347035,27771.30720744056,556.1393480935258,543.0,250.0,R3_Run16_Run28_Run24_Run29,Run16.csv;Run28.csv;Run24.csv;Run29.csv
R1_plus_slow,1D-CNN,Run28.xlsx,4.98443078994751,0.12593165854646665,39373.74111974684,42449.22900678442,3075.4878870375833,543.0,250.0,R3_Run16_Run28_Run24_Run29,Run16.csv;Run28.csv;Run24.csv;Run29.csv
R1_plus_slow,1D-CNN,Run29.xlsx,4.511544227600098,0.09793674783960489,20884.40426846031,20098.92064774445,785.4836207158587,435.0,250.0,R3_Run16_Run28_Run24_Run29,Run16.csv;Run28.csv;Run24.csv;Run29.csv
R1_plus_slow,Transformer,Run16.xlsx,2.3650312423706055,0.06007454438679378,30560.41943619895,31328.193563571127,767.7741273721767,163.0,163.0,R3_Run16_Run28_Run24_Run29,Run16.csv;Run28.csv;Run24.csv;Run29.csv
R1_plus_slow,Transformer,Run24.xlsx,2.7724733352661133,0.07341503334687063,28541.30318747521,27771.30720744056,769.9959800346478,543.0,250.0,R3_Run16_Run28_Run24_Run29,Run16.csv;Run28.csv;Run24.csv;Run29.csv
R1_plus_slow,Transformer,Run28.xlsx,3.331879138946533,0.0476726899184185,41718.84282220958,42449.22900678442,730.3861845748397,543.0,250.0,R3_Run16_Run28_Run24_Run29,Run16.csv;Run28.csv;Run24.csv;Run29.csv
R1_plus_slow,Transformer,Run29.xlsx,5.324851036071777,0.07720841625368717,20554.79855341972,20098.92064774445,455.8779056752719,435.0,250.0,R3_Run16_Run28_Run24_Run29,Run16.csv;Run28.csv;Run24.csv;Run29.csv
baseline_5d,FNN,Run16.xlsx,12.62272834777832,0.12856554753462296,32214.22975175233,31328.193563571127,886.0361881812023,163.0,163.0,R3_Run16_Run20_Run24_Run29,Run16.csv;Run20.csv;Run24.csv;Run29.csv
baseline_5d,FNN,Run20.xlsx,5.0486273765563965,0.03530653797959072,13865.29534969176,13898.924463873347,33.62911418158728,272.0,250.0,R3_Run16_Run20_Run24_Run29,Run16.csv;Run20.csv;Run24.csv;Run29.csv
baseline_5d,FNN,Run24.xlsx,3.101494312286377,0.0450899003218252,27896.823497104288,27771.30720744056,125.51628966372664,543.0,250.0,R3_Run16_Run20_Run24_Run29,Run16.csv;Run20.csv;Run24.csv;Run29.csv
baseline_5d,FNN,Run29.xlsx,3.8052423000335693,0.07461021077280675,19093.121449734517,20098.92064774445,1005.7991980099323,435.0,250.0,R3_Run16_Run20_Run24_Run29,Run16.csv;Run20.csv;Run24.csv;Run29.csv
baseline_5d,GRU,Run16.xlsx,5.410013198852539,0.06030258132242563,30548.870319337377,31328.193563571127,779.3232442337503,163.0,163.0,R3_Run16_Run20_Run24_Run29,Run16.csv;Run20.csv;Run24.csv;Run29.csv
baseline_5d,GRU,Run20.xlsx,10.5274658203125,0.08333512160784949,14368.743645477702,13898.924463873347,469.8191816043545,272.0,250.0,R3_Run16_Run20_Run24_Run29,Run16.csv;Run20.csv;Run24.csv;Run29.csv
baseline_5d,GRU,Run24.xlsx,3.1121015548706055,0.07207818306833914,27303.75583829726,27771.30720744056,467.5513691433007,543.0,250.0,R3_Run16_Run20_Run24_Run29,Run16.csv;Run20.csv;Run24.csv;Run29.csv
baseline_5d,GRU,Run29.xlsx,4.285134315490723,0.05185502761162597,19689.381640564905,20098.92064774445,409.53900717954457,435.0,250.0,R3_Run16_Run20_Run24_Run29,Run16.csv;Run20.csv;Run24.csv;Run29.csv
baseline_5d,LSTM,Run16.xlsx,6.225091934204102,0.11907912269786156,29488.10598176703,31328.193563571127,1840.0875818040986,163.0,163.0,R3_Run16_Run20_Run24_Run29,Run16.csv;Run20.csv;Run24.csv;Run29.csv
baseline_5d,LSTM,Run20.xlsx,8.046262741088867,0.04308400477631293,14329.578007991237,13898.924463873347,430.6535441178894,272.0,250.0,R3_Run16_Run20_Run24_Run29,Run16.csv;Run20.csv;Run24.csv;Run29.csv
baseline_5d,LSTM,Run24.xlsx,1.7448489665985107,0.03399060548272394,27613.865254992692,27771.30720744056,157.44195244786897,543.0,250.0,R3_Run16_Run20_Run24_Run29,Run16.csv;Run20.csv;Run24.csv;Run29.csv
baseline_5d,LSTM,Run29.xlsx,2.9232170581817627,0.046209346570920164,20687.19801646317,20098.92064774445,588.2773687187218,435.0,250.0,R3_Run16_Run20_Run24_Run29,Run16.csv;Run20.csv;Run24.csv;Run29.csv
baseline_5d,1D-CNN,Run16.xlsx,17.026351928710938,0.19279416075551833,33845.947807288816,31328.193563571127,2517.754243717689,163.0,163.0,R3_Run16_Run20_Run24_Run29,Run16.csv;Run20.csv;Run24.csv;Run29.csv
baseline_5d,1D-CNN,Run20.xlsx,29.970685958862305,0.2709718533177986,15406.818610206012,13898.924463873347,1507.8941463326646,272.0,250.0,R3_Run16_Run20_Run24_Run29,Run16.csv;Run20.csv;Run24.csv;Run29.csv
baseline_5d,1D-CNN,Run24.xlsx,1.77418053150177,0.033687327744858955,28172.24316287851,27771.30720744056,400.935955437948,543.0,250.0,R3_Run16_Run20_Run24_Run29,Run16.csv;Run20.csv;Run24.csv;Run29.csv
baseline_5d,1D-CNN,Run29.xlsx,10.727184295654297,0.20464516447738065,18126.447178072915,20098.92064774445,1972.473469671535,435.0,250.0,R3_Run16_Run20_Run24_Run29,Run16.csv;Run20.csv;Run24.csv;Run29.csv
baseline_5d,Transformer,Run16.xlsx,4.163757801055908,0.07513441069024976,29984.090132792455,31328.193563571127,1344.1034307786722,163.0,163.0,R3_Run16_Run20_Run24_Run29,Run16.csv;Run20.csv;Run24.csv;Run29.csv
baseline_5d,Transformer,Run20.xlsx,15.704822540283203,0.10881282334057588,14690.34564814536,13898.924463873347,791.4211842720124,272.0,250.0,R3_Run16_Run20_Run24_Run29,Run16.csv;Run20.csv;Run24.csv;Run29.csv
baseline_5d,Transformer,Run24.xlsx,1.8057893514633179,0.031270214477221496,27999.342700473604,27771.30720744056,228.03549303304317,543.0,250.0,R3_Run16_Run20_Run24_Run29,Run16.csv;Run20.csv;Run24.csv;Run29.csv
baseline_5d,Transformer,Run29.xlsx,2.5726375579833984,0.03921223004732967,19908.70816476803,20098.92064774445,190.21248297641796,435.0,250.0,R3_Run16_Run20_Run24_Run29,Run16.csv;Run20.csv;Run24.csv;Run29.csv
R1_plus_slow,FNN,Run16.xlsx,5.369937896728516,0.021333519057805898,31122.889262487424,31328.193563571127,205.30430108370274,163.0,163.0,R3_Run16_Run20_Run24_Run29,Run16.csv;Run20.csv;Run24.csv;Run29.csv
R1_plus_slow,FNN,Run20.xlsx,14.208014488220215,0.09742427448734699,14668.570713959785,13898.924463873347,769.6462500864382,272.0,250.0,R3_Run16_Run20_Run24_Run29,Run16.csv;Run20.csv;Run24.csv;Run29.csv
R1_plus_slow,FNN,Run24.xlsx,2.293698787689209,0.05359666306621373,27417.98420058026,27771.30720744056,353.32300686030067,543.0,250.0,R3_Run16_Run20_Run24_Run29,Run16.csv;Run20.csv;Run24.csv;Run29.csv
R1_plus_slow,FNN,Run29.xlsx,3.3411359786987305,0.10582477535655484,19114.608789456757,20098.92064774445,984.3118582876923,435.0,250.0,R3_Run16_Run20_Run24_Run29,Run16.csv;Run20.csv;Run24.csv;Run29.csv
R1_plus_slow,GRU,Run16.xlsx,3.9059464931488037,0.1117086215544392,29623.943428083276,31328.193563571127,1704.2501354878514,163.0,163.0,R3_Run16_Run20_Run24_Run29,Run16.csv;Run20.csv;Run24.csv;Run29.csv
R1_plus_slow,GRU,Run20.xlsx,5.284093379974365,0.06500575561161379,13646.589506305267,13898.924463873347,252.33495756808043,272.0,250.0,R3_Run16_Run20_Run24_Run29,Run16.csv;Run20.csv;Run24.csv;Run29.csv
R1_plus_slow,GRU,Run24.xlsx,1.465063214302063,0.03687230447680477,28265.60836115251,27771.30720744056,494.30115371194915,543.0,250.0,R3_Run16_Run20_Run24_Run29,Run16.csv;Run20.csv;Run24.csv;Run29.csv
R1_plus_slow,GRU,Run29.xlsx,2.520909070968628,0.04036378366258413,19867.649146388485,20098.92064774445,231.27150135596457,435.0,250.0,R3_Run16_Run20_Run24_Run29,Run16.csv;Run20.csv;Run24.csv;Run29.csv
R1_plus_slow,LSTM,Run16.xlsx,4.1200761795043945,0.08049253082567241,30131.05444738593,31328.193563571127,1197.139116185197,163.0,163.0,R3_Run16_Run20_Run24_Run29,Run16.csv;Run20.csv;Run24.csv;Run29.csv
R1_plus_slow,LSTM,Run20.xlsx,7.126742362976074,0.03586617615605401,13982.897448874923,13898.924463873347,83.97298500157558,272.0,250.0,R3_Run16_Run20_Run24_Run29,Run16.csv;Run20.csv;Run24.csv;Run29.csv
R1_plus_slow,LSTM,Run24.xlsx,2.318761110305786,0.03199496800290425,28045.3996048115,27771.30720744056,274.0923973709396,543.0,250.0,R3_Run16_Run20_Run24_Run29,Run16.csv;Run20.csv;Run24.csv;Run29.csv
R1_plus_slow,LSTM,Run29.xlsx,5.596612930297852,0.10683834095383354,21276.385203338472,20098.92064774445,1177.4645555940224,435.0,250.0,R3_Run16_Run20_Run24_Run29,Run16.csv;Run20.csv;Run24.csv;Run29.csv
R1_plus_slow,1D-CNN,Run16.xlsx,13.056110382080078,0.12192112251085561,32622.39089647754,31328.193563571127,1294.197332906413,163.0,163.0,R3_Run16_Run20_Run24_Run29,Run16.csv;Run20.csv;Run24.csv;Run29.csv
R1_plus_slow,1D-CNN,Run20.xlsx,53.612125396728516,0.382374709127754,11449.307881885376,13898.924463873347,2449.6165819879716,272.0,250.0,R3_Run16_Run20_Run24_Run29,Run16.csv;Run20.csv;Run24.csv;Run29.csv
R1_plus_slow,1D-CNN,Run24.xlsx,1.5933518409729004,0.050431469950713965,28410.37717025004,27771.30720744056,639.0699628094808,543.0,250.0,R3_Run16_Run20_Run24_Run29,Run16.csv;Run20.csv;Run24.csv;Run29.csv
R1_plus_slow,1D-CNN,Run29.xlsx,3.766148328781128,0.046667470351098604,20844.184827275407,20098.92064774445,745.2641795309573,435.0,250.0,R3_Run16_Run20_Run24_Run29,Run16.csv;Run20.csv;Run24.csv;Run29.csv
R1_plus_slow,Transformer,Run16.xlsx,4.34442138671875,0.10477584519421008,29872.772295698254,31328.193563571127,1455.4212678728727,163.0,163.0,R3_Run16_Run20_Run24_Run29,Run16.csv;Run20.csv;Run24.csv;Run29.csv
R1_plus_slow,Transformer,Run20.xlsx,6.6332807540893555,0.04177678973333646,14232.78573638371,13898.924463873347,333.86127251036305,272.0,250.0,R3_Run16_Run20_Run24_Run29,Run16.csv;Run20.csv;Run24.csv;Run29.csv
R1_plus_slow,Transformer,Run24.xlsx,1.703872799873352,0.03480930480899761,28079.18025501226,27771.30720744056,307.8730475716984,543.0,250.0,R3_Run16_Run20_Run24_Run29,Run16.csv;Run20.csv;Run24.csv;Run29.csv
R1_plus_slow,Transformer,Run29.xlsx,5.939052581787109,0.11119904898926092,21045.96901591711,20098.92064774445,947.0483681726619,435.0,250.0,R3_Run16_Run20_Run24_Run29,Run16.csv;Run20.csv;Run24.csv;Run29.csv
